use dbs_ponto;

/* Carga Inicial */
/* Carga para Acessos */
INSERT INTO dbs_ponto.acessos
(id,acesso)
VALUES
(1,'ADMINISTRADOR'),
(2,'GERENTE'),
(3,'COLABORADOR');

/* Carga para tipo de telefone */
INSERT INTO dbs_ponto.tipo_telefones
(id,tipo_telefone)
VALUES
(1,'FIXO'),
(2,'MOVEL');

/* Carga para Areas */
INSERT INTO dbs_ponto.areas
(id,area,sigla)
VALUES
(1,'Gerencia de Pessoas','GE'),
(2,'Tecnologia','TI'),
(3,'Gerencias de Licitações','GL');

/* Carga para Cargos */
INSERT INTO dbs_ponto.cargos
(id,cargo)
VALUES
(1,'Gerente'),
(2,'Coordenador'),
(3,'Assessor I'),
(4,'Assessor II'),
(5,'Assessor III');

/* Carga para Cargos */
INSERT INTO dbs_ponto.tipo_justificativas
(id,tipo_justificativa)
VALUES
(1,'Atraso'),
(2,'Greve'),
(3,'Abono'),
(4,'Outros');

/* Carga para Usuarios */
INSERT INTO dbs_ponto.usuarios
(id,email,senha,acessos_id)
VALUES
(1,'wallisoncarmo01@gmail.com',md5(123),1),
(2,'yasmin@gmail.com',md5(123),2),
(3,'lucy@gmail.com',md5(123),2),
(4,'wilson@gmail.com',md5(123),2),
(5,'kedson@gmail.com',md5(123),2),

(6,'rony@gmail.com',md5(123),3),
(7,'hudson@gmail.com',md5(123),3),
(8,'erick@gmail.com',md5(123),3),
(9,'maria@gmail.com',md5(123),3),
(10,'socorro@gmail.com',md5(123),3),

(11,'thiago@gmail.com',md5(123),3),
(12,'pedro@gmail.com',md5(123),3),
(13,'joao@gmail.com',md5(123),3),
(14,'miguel@gmail.com',md5(123),3),
(15,'arthur@gmail.com',md5(123),3),

(16,'alice@gmail.com',md5(123),3),
(17,'shopia@gmail.com',md5(123),3),
(18,'heitor@gmail.com',md5(123),3),
(19,'Gabriel@gmail.com',md5(123),3),
(20,'Laura@gmail.com',md5(123),3);

/* Carga para Colaboradores */
INSERT INTO dbs_ponto.colaboradores
(id,nome,cpf,rg,genero,matricula,carga_horaria,areas_id,cargos_id,usuarios_id)
VALUES
(1,'Wallison do Carmo Costa','45298926118','123',1,'2015ti1234321',40,2,1,1),
(2,'Yasmin do Carmo Costa','29403949031','123',0,'2015ti1234322',40,2,1,2),
(3,'Lucy Oliveira do Carmo','27613199665','123',0,'2015ti1234323',40,1,1,3),
(4,'Wilson Rodrigues Costa','51523510560','123',1,'2015ti1234324',40,3,1,4),
(5,'Kedson do Carmo','51523510560','123',1,'2015ti1234324',40,1,2,5),

(6,'Rony Pereira','45298926118','123',1,'2015ti12343211',40,2,3,6),
(7,'Huson Correia','41837645213','123',1,'2015ti12343222',40,2,3,7),
(8,'Erick Oliveira','52681463009','123',1,'2015ti12343233',40,2,4,8),
(9,'Maria Rodrigues Costa','68379056515','123',0,'2015ti12343244',40,2,4,9),
(10,'Socorro Pimentel','77433390332','123',1,'2015ti12343245',40,2,5,10),

(11,'Thiago Pereira','72620965403','123',1,'2015ti12343211',40,3,3,11),
(12,'Pedro Correia','45486866658','123',1,'2015ti12343222',40,3,3,12),
(13,'Joao Oliveira','22541856598','123',1,'2015ti12343233',40,3,4,13),
(14,'Miguel Rodrigues Costa','19093827448','123',0,'2015ti12343244',40,3,4,14),
(15,'Arthur Pimentel','11323584501','123',1,'2015ti12343245',40,3,5,15),

(16,'Alice Pereira','72620965403','123',0,'2015ti12343211',40,1,3,16),
(17,'Shopia','45486866658','123',1,'2015ti12343222',40,1,3,17),
(18,'Heitor Oliveira','22541856598','123',1,'2015ti12343233',40,1,4,18),
(19,'Gabriel Rodrigues Costa','19093827448','123',0,'2015ti12343244',40,1,4,19),
(20,'Laura Pimentel','11323584501','123',1,'2015ti12343245',40,1,5,20);

/* Carga para Endereço */
INSERT INTO dbs_ponto.enderecos
(id,endereco,cidade,bairro,colaboradores_id)
VALUES
(1,'Quadra QNQ, 60 - AE24','Brasília','Taguatinga Norte',1),
(2,'Quadra QND, 20 - LT14 ','Brasília','Taguatinga Norte',2),
(3,'C 4, 0 - LT06','Brasília','Taguatinga Norte',3),
(4,'Quadra QND, 12 - AE21','Brasília','Taguatinga Norte',4),
(5,'Quadra QNG, 20  LT14','Brasília','Taguatinga Norte',5),

(6,'Quadra Sig Quadra 3, 0 - Sala 3 BLB SL202','Brasília','Ceilândia',6),
(7,'Quadra QNM 17, 0 - AE1','Brasília','Ceilandia Sul',7),
(8,'Quadra QNM 17, 0 - AE1','Brasília','Ceilandia Sul',8),
(9,'Quadra QNM 15, 0 - BLD','Brasília','Ceilândia',9),
(10,'Quadra QNM 1 Conjunto F, 0 - LT01','Brasília','Ceilandia Sul',10),

(11,'Quadra SGAS 610, 0 - MD68 ','Brasília','Asa Sul',11),
(12,'Quadra SGAS 608, 0 - Bla','Brasília','Asa Sul',12),
(13,'Quadra CLS 115 Bloco B, 0','Brasília','Asa Sul',13),
(14,'Quadra CLS 302 Bloco C','Brasília','Asa Sul',14),
(15,'Quadra CLS 403 Bloco B','Brasília','Asa Sul',15),

(16,'Setor SHLN BL F','Brasília','Asa Norte',16),
(17,'Quadra SMHN Quadra 1 Bloco A','Brasília','Asa Norte',17),
(18,'SEPN 505 BL D, 0','Brasília','Asa Norte',18),
(19,'Quadra SGAN 606','Brasília','Asa Norte',19),
(20,'Setor SHLN Bloco F','Brasília','Asa Norte',20);


/* Carga para Telefones */
INSERT INTO dbs_ponto.telefones
(id,telefone,colaboradores_id,tipo_telefones_id)
VALUES
(1,'21938050',1,1),
(2,'21938059',2,1),
(3,'21938051',3,1),
(4,'21938065',4,1),
(5,'21938055',5,1),
(6,'21938064',6,1),
(7,'21938064',7,1),
(8,'93725336',8,2),
(9,'21938075',9,1), 
(10,'91032344',10,2),      
(11,'21032343',11,1),
(12,'21032349',12,1),
(13,'21032349',13,1),
(14,'21032346',14,1),
(15,'91032345',15,2),
(16,'21032348',16,1),
(17,'91032344',17,2),
(18,'21032347',18,1),
(19,'91032342',19,2),
(20,'21032342',20,1);

/* Carga para Marcadores */
INSERT INTO dbs_ponto.marcacoes
(hora,colaboradores_id,cadastro)
VALUES
/** registro 1 **/ 
('2018-01-01 08:11',1,'2018-01-01 08:11'),
('2018-01-01 12:11',1,'2018-01-01 12:11'),
('2018-01-01 14:11',1,'2018-01-01 14:11'),
('2018-01-01 18:11',1,'2018-01-01 18:11'), 

('2018-01-02 08:30',1,'2018-01-02 08:30'),
('2018-01-02 12:30',1,'2018-01-02 12:30'),
('2018-01-02 14:10',1,'2018-01-02 14:10'),
('2018-01-02 18:10',1,'2018-01-02 18:10'),

('2018-01-03 08:30',1,'2018-01-03 08:30'),
('2018-01-03 12:30',1,'2018-01-03 12:30'),
('2018-01-03 14:10',1,'2018-01-03 14:10'),
('2018-01-03 18:10',1,'2018-01-03 18:10'),

('2018-01-04 08:30',1,'2018-01-04 08:30'),
('2018-01-04 12:30',1,'2018-01-04 12:30'),
('2018-01-04 14:10',1,'2018-01-04 14:10'),
('2018-01-04 18:10',1,'2018-01-04 18:10'),

('2018-01-05 08:30',1,'2018-01-05 08:30'),
('2018-01-05 12:30',1,'2018-01-05 12:30'),
('2018-01-05 14:10',1,'2018-01-05 14:10'),
('2018-01-05 18:10',1,'2018-01-05 18:10'),

('2018-01-08 08:30',1,'2018-01-08 08:30'),
('2018-01-08 12:30',1,'2018-01-08 12:30'),
('2018-01-08 14:10',1,'2018-01-08 14:10'),
('2018-01-08 18:10',1,'2018-01-08 18:10'),

('2018-01-09 08:30',1,'2018-01-09 08:30'),
('2018-01-09 12:30',1,'2018-01-09 12:30'),
('2018-01-09 14:10',1,'2018-01-09 14:10'),
('2018-01-09 18:10',1,'2018-01-09 18:10'),

('2018-01-10 08:30',1,'2018-01-10 08:30'),
('2018-01-10 12:30',1,'2018-01-10 12:30'),
('2018-01-10 14:10',1,'2018-01-10 14:10'),
('2018-01-10 18:10',1,'2018-01-10 18:10'),

('2018-01-11 08:30',1,'2018-01-11 08:30'),
('2018-01-11 12:30',1,'2018-01-11 12:30'),
('2018-01-11 14:10',1,'2018-01-11 14:10'),
('2018-01-11 18:10',1,'2018-01-11 18:10'),

('2018-01-12 08:30',1,'2018-01-12 08:30'),
('2018-01-12 12:30',1,'2018-01-12 12:30'),
('2018-01-12 14:10',1,'2018-01-12 14:10'),
('2018-01-12 18:10',1,'2018-01-12 18:10'),

('2018-01-15 08:30',1,'2018-01-15 08:30'),
('2018-01-15 12:30',1,'2018-01-15 12:30'),
('2018-01-15 14:10',1,'2018-01-15 14:10'),
('2018-01-15 18:10',1,'2018-01-15 18:10'),

('2018-01-16 08:30',1,'2018-01-16 08:30'),
('2018-01-16 12:30',1,'2018-01-16 12:30'),
('2018-01-16 14:10',1,'2018-01-16 14:10'),
('2018-01-16 18:10',1,'2018-01-16 18:10'),

('2018-01-17 08:30',1,'2018-01-17 08:30'),
('2018-01-17 12:30',1,'2018-01-17 12:30'),
('2018-01-17 14:10',1,'2018-01-17 14:10'),
('2018-01-17 18:10',1,'2018-01-17 18:10'),

('2018-01-18 08:30',1,'2018-01-18 08:30'),
('2018-01-18 12:30',1,'2018-01-18 12:30'),
('2018-01-18 14:10',1,'2018-01-18 14:10'),
('2018-01-18 18:10',1,'2018-01-18 18:10'),

('2018-01-19 08:30',1,'2018-01-19 08:30'),
('2018-01-19 12:30',1,'2018-01-19 12:30'),
('2018-01-19 14:10',1,'2018-01-19 14:10'),
('2018-01-19 18:10',1,'2018-01-19 18:10'),


('2018-01-22 08:30',1,'2018-01-22 08:30'),
('2018-01-22 12:30',1,'2018-01-22 12:30'),
('2018-01-22 14:10',1,'2018-01-22 14:10'),
('2018-01-22 18:10',1,'2018-01-22 18:10'),

('2018-01-23 08:30',1,'2018-01-23 08:30'),
('2018-01-23 12:30',1,'2018-01-23 12:30'),
('2018-01-23 14:10',1,'2018-01-23 14:10'),
('2018-01-23 18:10',1,'2018-01-23 18:10'),

('2018-01-24 08:30',1,'2018-01-24 08:30'),
('2018-01-24 12:30',1,'2018-01-24 12:30'),
('2018-01-24 14:10',1,'2018-01-24 14:10'),
('2018-01-24 18:10',1,'2018-01-24 18:10'),

('2018-01-25 08:30',1,'2018-01-25 08:30'),
('2018-01-25 12:30',1,'2018-01-25 12:30'),
('2018-01-25 14:10',1,'2018-01-25 14:10'),
('2018-01-25 18:10',1,'2018-01-25 18:10'),

('2018-01-26 08:30',1,'2018-01-26 08:30'),
('2018-01-26 12:30',1,'2018-01-26 12:30'),
('2018-01-26 14:10',1,'2018-01-26 14:10'),
('2018-01-26 18:10',1,'2018-01-26 18:10'),

 /** registro 2 **/ 
('2018-01-01 08:11',2,'2018-01-01 08:11'),
('2018-01-01 12:11',2,'2018-01-01 12:11'),
('2018-01-01 14:11',2,'2018-01-01 14:11'),
('2018-01-01 18:11',2,'2018-01-01 18:11'), 

('2018-01-02 08:30',2,'2018-01-02 08:30'),
('2018-01-02 12:30',2,'2018-01-02 12:30'),
('2018-01-02 14:10',2,'2018-01-02 14:10'),
('2018-01-02 18:10',2,'2018-01-02 18:10'),

('2018-01-03 08:30',2,'2018-01-03 08:30'),
('2018-01-03 12:30',2,'2018-01-03 12:30'),
('2018-01-03 14:10',2,'2018-01-03 14:10'),
('2018-01-03 18:10',2,'2018-01-03 18:10'),

('2018-01-04 08:30',2,'2018-01-04 08:30'),
('2018-01-04 12:30',2,'2018-01-04 12:30'),
('2018-01-04 14:10',2,'2018-01-04 14:10'),
('2018-01-04 18:10',2,'2018-01-04 18:10'),

('2018-01-05 08:30',2,'2018-01-05 08:30'),
('2018-01-05 12:30',2,'2018-01-05 12:30'),
('2018-01-05 14:10',2,'2018-01-05 14:10'),
('2018-01-05 18:10',2,'2018-01-05 18:10'),

('2018-01-08 08:30',2,'2018-01-08 08:30'),
('2018-01-08 12:30',2,'2018-01-08 12:30'),
('2018-01-08 14:10',2,'2018-01-08 14:10'),
('2018-01-08 18:10',2,'2018-01-08 18:10'),

('2018-01-09 08:30',2,'2018-01-09 08:30'),
('2018-01-09 12:30',2,'2018-01-09 12:30'),
('2018-01-09 14:10',2,'2018-01-09 14:10'),
('2018-01-09 18:10',2,'2018-01-09 18:10'),

('2018-01-10 08:30',2,'2018-01-10 08:30'),
('2018-01-10 12:30',2,'2018-01-10 12:30'),
('2018-01-10 14:10',2,'2018-01-10 14:10'),
('2018-01-10 18:10',2,'2018-01-10 18:10'),

('2018-01-11 08:30',2,'2018-01-11 08:30'),
('2018-01-11 12:30',2,'2018-01-11 12:30'),
('2018-01-11 14:10',2,'2018-01-11 14:10'),
('2018-01-11 18:10',2,'2018-01-11 18:10'),

('2018-01-12 08:30',2,'2018-01-12 08:30'),
('2018-01-12 12:30',2,'2018-01-12 12:30'),
('2018-01-12 14:10',2,'2018-01-12 14:10'),
('2018-01-12 18:10',2,'2018-01-12 18:10'),

('2018-01-15 08:30',2,'2018-01-15 08:30'),
('2018-01-15 12:30',2,'2018-01-15 12:30'),
('2018-01-15 14:10',2,'2018-01-15 14:10'),
('2018-01-15 18:10',2,'2018-01-15 18:10'),

('2018-01-16 08:30',2,'2018-01-16 08:30'),
('2018-01-16 12:30',2,'2018-01-16 12:30'),
('2018-01-16 14:10',2,'2018-01-16 14:10'),
('2018-01-16 18:10',2,'2018-01-16 18:10'),

('2018-01-17 08:30',2,'2018-01-17 08:30'),
('2018-01-17 12:30',2,'2018-01-17 12:30'),
('2018-01-17 14:10',2,'2018-01-17 14:10'),
('2018-01-17 18:10',2,'2018-01-17 18:10'),

('2018-01-18 08:30',2,'2018-01-18 08:30'),
('2018-01-18 12:30',2,'2018-01-18 12:30'),
('2018-01-18 14:10',2,'2018-01-18 14:10'),
('2018-01-18 18:10',2,'2018-01-18 18:10'),

('2018-01-19 08:30',2,'2018-01-19 08:30'),
('2018-01-19 12:30',2,'2018-01-19 12:30'),
('2018-01-19 14:10',2,'2018-01-19 14:10'),
('2018-01-19 18:10',2,'2018-01-19 18:10'),


('2018-01-22 08:30',2,'2018-01-22 08:30'),
('2018-01-22 12:30',2,'2018-01-22 12:30'),
('2018-01-22 14:10',2,'2018-01-22 14:10'),
('2018-01-22 18:10',2,'2018-01-22 18:10'),

('2018-01-23 08:30',2,'2018-01-23 08:30'),
('2018-01-23 12:30',2,'2018-01-23 12:30'),
('2018-01-23 14:10',2,'2018-01-23 14:10'),
('2018-01-23 18:10',2,'2018-01-23 18:10'),

('2018-01-24 08:30',2,'2018-01-24 08:30'),
('2018-01-24 12:30',2,'2018-01-24 12:30'),
('2018-01-24 14:10',2,'2018-01-24 14:10'),
('2018-01-24 18:10',2,'2018-01-24 18:10'),

('2018-01-25 08:30',2,'2018-01-25 08:30'),
('2018-01-25 12:30',2,'2018-01-25 12:30'),
('2018-01-25 14:10',2,'2018-01-25 14:10'),
('2018-01-25 18:10',2,'2018-01-25 18:10'),

('2018-01-26 08:30',2,'2018-01-26 08:30'),
('2018-01-26 12:30',2,'2018-01-26 12:30'),
('2018-01-26 14:10',2,'2018-01-26 14:10'),
('2018-01-26 18:10',2,'2018-01-26 18:10'),

 /** registro 3 **/ 
('2018-01-01 08:11',3,'2018-01-01 08:11'),
('2018-01-01 12:11',3,'2018-01-01 12:11'),
('2018-01-01 14:11',3,'2018-01-01 14:11'),
('2018-01-01 18:11',3,'2018-01-01 18:11'), 

('2018-01-02 08:30',3,'2018-01-02 08:30'),
('2018-01-02 12:30',3,'2018-01-02 12:30'),
('2018-01-02 14:10',3,'2018-01-02 14:10'),
('2018-01-02 18:10',3,'2018-01-02 18:10'),

('2018-01-03 08:30',3,'2018-01-03 08:30'),
('2018-01-03 12:30',3,'2018-01-03 12:30'),
('2018-01-03 14:10',3,'2018-01-03 14:10'),
('2018-01-03 18:10',3,'2018-01-03 18:10'),

('2018-01-04 08:30',3,'2018-01-04 08:30'),
('2018-01-04 12:30',3,'2018-01-04 12:30'),
('2018-01-04 14:10',3,'2018-01-04 14:10'),
('2018-01-04 18:10',3,'2018-01-04 18:10'),

('2018-01-05 08:30',3,'2018-01-05 08:30'),
('2018-01-05 12:30',3,'2018-01-05 12:30'),
('2018-01-05 14:10',3,'2018-01-05 14:10'),
('2018-01-05 18:10',3,'2018-01-05 18:10'),

('2018-01-08 08:30',3,'2018-01-08 08:30'),
('2018-01-08 12:30',3,'2018-01-08 12:30'),
('2018-01-08 14:10',3,'2018-01-08 14:10'),
('2018-01-08 18:10',3,'2018-01-08 18:10'),

('2018-01-09 08:30',3,'2018-01-09 08:30'),
('2018-01-09 12:30',3,'2018-01-09 12:30'),
('2018-01-09 14:10',3,'2018-01-09 14:10'),
('2018-01-09 18:10',3,'2018-01-09 18:10'),

('2018-01-10 08:30',3,'2018-01-10 08:30'),
('2018-01-10 12:30',3,'2018-01-10 12:30'),
('2018-01-10 14:10',3,'2018-01-10 14:10'),
('2018-01-10 18:10',3,'2018-01-10 18:10'),

('2018-01-11 08:30',3,'2018-01-11 08:30'),
('2018-01-11 12:30',3,'2018-01-11 12:30'),
('2018-01-11 14:10',3,'2018-01-11 14:10'),
('2018-01-11 18:10',3,'2018-01-11 18:10'),

('2018-01-12 08:30',3,'2018-01-12 08:30'),
('2018-01-12 12:30',3,'2018-01-12 12:30'),
('2018-01-12 14:10',3,'2018-01-12 14:10'),
('2018-01-12 18:10',3,'2018-01-12 18:10'),

('2018-01-15 08:30',3,'2018-01-15 08:30'),
('2018-01-15 12:30',3,'2018-01-15 12:30'),
('2018-01-15 14:10',3,'2018-01-15 14:10'),
('2018-01-15 18:10',3,'2018-01-15 18:10'),

('2018-01-16 08:30',3,'2018-01-16 08:30'),
('2018-01-16 12:30',3,'2018-01-16 12:30'),
('2018-01-16 14:10',3,'2018-01-16 14:10'),
('2018-01-16 18:10',3,'2018-01-16 18:10'),

('2018-01-17 08:30',3,'2018-01-17 08:30'),
('2018-01-17 12:30',3,'2018-01-17 12:30'),
('2018-01-17 14:10',3,'2018-01-17 14:10'),
('2018-01-17 18:10',3,'2018-01-17 18:10'),

('2018-01-18 08:30',3,'2018-01-18 08:30'),
('2018-01-18 12:30',3,'2018-01-18 12:30'),
('2018-01-18 14:10',3,'2018-01-18 14:10'),
('2018-01-18 18:10',3,'2018-01-18 18:10'),

('2018-01-19 08:30',3,'2018-01-19 08:30'),
('2018-01-19 12:30',3,'2018-01-19 12:30'),
('2018-01-19 14:10',3,'2018-01-19 14:10'),
('2018-01-19 18:10',3,'2018-01-19 18:10'),


('2018-01-22 08:30',3,'2018-01-22 08:30'),
('2018-01-22 12:30',3,'2018-01-22 12:30'),
('2018-01-22 14:10',3,'2018-01-22 14:10'),
('2018-01-22 18:10',3,'2018-01-22 18:10'),

('2018-01-23 08:30',3,'2018-01-23 08:30'),
('2018-01-23 12:30',3,'2018-01-23 12:30'),
('2018-01-23 14:10',3,'2018-01-23 14:10'),
('2018-01-23 18:10',3,'2018-01-23 18:10'),

('2018-01-24 08:30',3,'2018-01-24 08:30'),
('2018-01-24 12:30',3,'2018-01-24 12:30'),
('2018-01-24 14:10',3,'2018-01-24 14:10'),
('2018-01-24 18:10',3,'2018-01-24 18:10'),

('2018-01-25 08:30',3,'2018-01-25 08:30'),
('2018-01-25 12:30',3,'2018-01-25 12:30'),
('2018-01-25 14:10',3,'2018-01-25 14:10'),
('2018-01-25 18:10',3,'2018-01-25 18:10'),

('2018-01-26 08:30',3,'2018-01-26 08:30'),
('2018-01-26 12:30',3,'2018-01-26 12:30'),
('2018-01-26 14:10',3,'2018-01-26 14:10'),
('2018-01-26 18:10',3,'2018-01-26 18:10'),

/** registro 4 **/
('2018-01-01 08:11',4,'2018-01-01 08:11'),
('2018-01-01 12:11',4,'2018-01-01 12:11'),
('2018-01-01 14:11',4,'2018-01-01 14:11'),
('2018-01-01 18:11',4,'2018-01-01 18:11'), 

('2018-01-02 08:30',4,'2018-01-02 08:30'),
('2018-01-02 12:30',4,'2018-01-02 12:30'),
('2018-01-02 14:10',4,'2018-01-02 14:10'),
('2018-01-02 18:10',4,'2018-01-02 18:10'),

('2018-01-03 08:30',4,'2018-01-03 08:30'),
('2018-01-03 12:30',4,'2018-01-03 12:30'),
('2018-01-03 14:10',4,'2018-01-03 14:10'),
('2018-01-03 18:10',4,'2018-01-03 18:10'),

('2018-01-04 08:30',4,'2018-01-04 08:30'),
('2018-01-04 12:30',4,'2018-01-04 12:30'),
('2018-01-04 14:10',4,'2018-01-04 14:10'),
('2018-01-04 18:10',4,'2018-01-04 18:10'),

('2018-01-05 08:30',4,'2018-01-05 08:30'),
('2018-01-05 12:30',4,'2018-01-05 12:30'),
('2018-01-05 14:10',4,'2018-01-05 14:10'),
('2018-01-05 18:10',4,'2018-01-05 18:10'),

('2018-01-08 08:30',4,'2018-01-08 08:30'),
('2018-01-08 12:30',4,'2018-01-08 12:30'),
('2018-01-08 14:10',4,'2018-01-08 14:10'),
('2018-01-08 18:10',4,'2018-01-08 18:10'),

('2018-01-09 08:30',4,'2018-01-09 08:30'),
('2018-01-09 12:30',4,'2018-01-09 12:30'),
('2018-01-09 14:10',4,'2018-01-09 14:10'),
('2018-01-09 18:10',4,'2018-01-09 18:10'),

('2018-01-10 08:30',4,'2018-01-10 08:30'),
('2018-01-10 12:30',4,'2018-01-10 12:30'),
('2018-01-10 14:10',4,'2018-01-10 14:10'),
('2018-01-10 18:10',4,'2018-01-10 18:10'),

('2018-01-11 08:30',4,'2018-01-11 08:30'),
('2018-01-11 12:30',4,'2018-01-11 12:30'),
('2018-01-11 14:10',4,'2018-01-11 14:10'),
('2018-01-11 18:10',4,'2018-01-11 18:10'),

('2018-01-12 08:30',4,'2018-01-12 08:30'),
('2018-01-12 12:30',4,'2018-01-12 12:30'),
('2018-01-12 14:10',4,'2018-01-12 14:10'),
('2018-01-12 18:10',4,'2018-01-12 18:10'),

('2018-01-15 08:30',4,'2018-01-15 08:30'),
('2018-01-15 12:30',4,'2018-01-15 12:30'),
('2018-01-15 14:10',4,'2018-01-15 14:10'),
('2018-01-15 18:10',4,'2018-01-15 18:10'),

('2018-01-16 08:30',4,'2018-01-16 08:30'),
('2018-01-16 12:30',4,'2018-01-16 12:30'),
('2018-01-16 14:10',4,'2018-01-16 14:10'),
('2018-01-16 18:10',4,'2018-01-16 18:10'),

('2018-01-17 08:30',4,'2018-01-17 08:30'),
('2018-01-17 12:30',4,'2018-01-17 12:30'),
('2018-01-17 14:10',4,'2018-01-17 14:10'),
('2018-01-17 18:10',4,'2018-01-17 18:10'),

('2018-01-18 08:30',4,'2018-01-18 08:30'),
('2018-01-18 12:30',4,'2018-01-18 12:30'),
('2018-01-18 14:10',4,'2018-01-18 14:10'),
('2018-01-18 18:10',4,'2018-01-18 18:10'),

('2018-01-19 08:30',4,'2018-01-19 08:30'),
('2018-01-19 12:30',4,'2018-01-19 12:30'),
('2018-01-19 14:10',4,'2018-01-19 14:10'),
('2018-01-19 18:10',4,'2018-01-19 18:10'),

('2018-01-22 08:30',4,'2018-01-22 08:30'),
('2018-01-22 12:30',4,'2018-01-22 12:30'),
('2018-01-22 14:10',4,'2018-01-22 14:10'),
('2018-01-22 18:10',4,'2018-01-22 18:10'),

('2018-01-23 08:30',4,'2018-01-23 08:30'),
('2018-01-23 12:30',4,'2018-01-23 12:30'),
('2018-01-23 14:10',4,'2018-01-23 14:10'),
('2018-01-23 18:10',4,'2018-01-23 18:10'),

('2018-01-24 08:30',4,'2018-01-24 08:30'),
('2018-01-24 12:30',4,'2018-01-24 12:30'),
('2018-01-24 14:10',4,'2018-01-24 14:10'),
('2018-01-24 18:10',4,'2018-01-24 18:10'),

('2018-01-25 08:30',4,'2018-01-25 08:30'),
('2018-01-25 12:30',4,'2018-01-25 12:30'),
('2018-01-25 14:10',4,'2018-01-25 14:10'),
('2018-01-25 18:10',4,'2018-01-25 18:10'),

('2018-01-26 08:30',4,'2018-01-26 08:30'),
('2018-01-26 12:30',4,'2018-01-26 12:30'),
('2018-01-26 14:10',4,'2018-01-26 14:10'),
('2018-01-26 18:10',4,'2018-01-26 18:10'),

/** registro 5 **/
('2018-01-01 08:11',5,'2018-01-01 08:11'),
('2018-01-01 12:11',5,'2018-01-01 12:11'),
('2018-01-01 14:11',5,'2018-01-01 14:11'),
('2018-01-01 18:11',5,'2018-01-01 18:11'), 

('2018-01-02 08:30',5,'2018-01-02 08:30'),
('2018-01-02 12:30',5,'2018-01-02 12:30'),
('2018-01-02 14:10',5,'2018-01-02 14:10'),
('2018-01-02 18:10',5,'2018-01-02 18:10'),

('2018-01-03 08:30',5,'2018-01-03 08:30'),
('2018-01-03 12:30',5,'2018-01-03 12:30'),
('2018-01-03 14:10',5,'2018-01-03 14:10'),
('2018-01-03 18:10',5,'2018-01-03 18:10'),

('2018-01-04 08:30',5,'2018-01-04 08:30'),
('2018-01-04 12:30',5,'2018-01-04 12:30'),
('2018-01-04 14:10',5,'2018-01-04 14:10'),
('2018-01-04 18:10',5,'2018-01-04 18:10'),

('2018-01-05 08:30',5,'2018-01-05 08:30'),
('2018-01-05 12:30',5,'2018-01-05 12:30'),
('2018-01-05 14:10',5,'2018-01-05 14:10'),
('2018-01-05 18:10',5,'2018-01-05 18:10'),

('2018-01-08 08:30',5,'2018-01-08 08:30'),
('2018-01-08 12:30',5,'2018-01-08 12:30'),
('2018-01-08 14:10',5,'2018-01-08 14:10'),
('2018-01-08 18:10',5,'2018-01-08 18:10'),

('2018-01-09 08:30',5,'2018-01-09 08:30'),
('2018-01-09 12:30',5,'2018-01-09 12:30'),
('2018-01-09 14:10',5,'2018-01-09 14:10'),
('2018-01-09 18:10',5,'2018-01-09 18:10'),

('2018-01-10 08:30',5,'2018-01-10 08:30'),
('2018-01-10 12:30',5,'2018-01-10 12:30'),
('2018-01-10 14:10',5,'2018-01-10 14:10'),
('2018-01-10 18:10',5,'2018-01-10 18:10'),

('2018-01-11 08:30',5,'2018-01-11 08:30'),
('2018-01-11 12:30',5,'2018-01-11 12:30'),
('2018-01-11 14:10',5,'2018-01-11 14:10'),
('2018-01-11 18:10',5,'2018-01-11 18:10'),

('2018-01-12 08:30',5,'2018-01-12 08:30'),
('2018-01-12 12:30',5,'2018-01-12 12:30'),
('2018-01-12 14:10',5,'2018-01-12 14:10'),
('2018-01-12 18:10',5,'2018-01-12 18:10'),

('2018-01-15 08:30',5,'2018-01-15 08:30'),
('2018-01-15 12:30',5,'2018-01-15 12:30'),
('2018-01-15 14:10',5,'2018-01-15 14:10'),
('2018-01-15 18:10',5,'2018-01-15 18:10'),

('2018-01-16 08:30',5,'2018-01-16 08:30'),
('2018-01-16 12:30',5,'2018-01-16 12:30'),
('2018-01-16 14:10',5,'2018-01-16 14:10'),
('2018-01-16 18:10',5,'2018-01-16 18:10'),

('2018-01-17 08:30',5,'2018-01-17 08:30'),
('2018-01-17 12:30',5,'2018-01-17 12:30'),
('2018-01-17 14:10',5,'2018-01-17 14:10'),
('2018-01-17 18:10',5,'2018-01-17 18:10'),

('2018-01-18 08:30',5,'2018-01-18 08:30'),
('2018-01-18 12:30',5,'2018-01-18 12:30'),
('2018-01-18 14:10',5,'2018-01-18 14:10'),
('2018-01-18 18:10',5,'2018-01-18 18:10'),

('2018-01-19 08:30',5,'2018-01-19 08:30'),
('2018-01-19 12:30',5,'2018-01-19 12:30'),
('2018-01-19 14:10',5,'2018-01-19 14:10'),
('2018-01-19 18:10',5,'2018-01-19 18:10'),


('2018-01-22 08:30',5,'2018-01-22 08:30'),
('2018-01-22 12:30',5,'2018-01-22 12:30'),
('2018-01-22 14:10',5,'2018-01-22 14:10'),
('2018-01-22 18:10',5,'2018-01-22 18:10'),

('2018-01-23 08:30',5,'2018-01-23 08:30'),
('2018-01-23 12:30',5,'2018-01-23 12:30'),
('2018-01-23 14:10',5,'2018-01-23 14:10'),
('2018-01-23 18:10',5,'2018-01-23 18:10'),

('2018-01-24 08:30',5,'2018-01-24 08:30'),
('2018-01-24 12:30',5,'2018-01-24 12:30'),
('2018-01-24 14:10',5,'2018-01-24 14:10'),
('2018-01-24 18:10',5,'2018-01-24 18:10'),

('2018-01-25 08:30',5,'2018-01-25 08:30'),
('2018-01-25 12:30',5,'2018-01-25 12:30'),
('2018-01-25 14:10',5,'2018-01-25 14:10'),
('2018-01-25 18:10',5,'2018-01-25 18:10'),

('2018-01-26 08:30',5,'2018-01-26 08:30'),
('2018-01-26 12:30',5,'2018-01-26 12:30'),
('2018-01-26 14:10',5,'2018-01-26 14:10'),
('2018-01-26 18:10',5,'2018-01-26 18:10'),

/** registro 6 **/
('2018-01-01 08:11',6,'2018-01-01 08:11'),
('2018-01-01 12:11',6,'2018-01-01 12:11'),
('2018-01-01 14:11',6,'2018-01-01 14:11'),
('2018-01-01 18:11',6,'2018-01-01 18:11'), 

('2018-01-02 08:30',6,'2018-01-02 08:30'),
('2018-01-02 12:30',6,'2018-01-02 12:30'),
('2018-01-02 14:10',6,'2018-01-02 14:10'),
('2018-01-02 18:10',6,'2018-01-02 18:10'),

('2018-01-03 08:30',6,'2018-01-03 08:30'),
('2018-01-03 12:30',6,'2018-01-03 12:30'),
('2018-01-03 14:10',6,'2018-01-03 14:10'),
('2018-01-03 18:10',6,'2018-01-03 18:10'),

('2018-01-04 08:30',6,'2018-01-04 08:30'),
('2018-01-04 12:30',6,'2018-01-04 12:30'),
('2018-01-04 14:10',6,'2018-01-04 14:10'),
('2018-01-04 18:10',6,'2018-01-04 18:10'),

('2018-01-05 08:30',6,'2018-01-05 08:30'),
('2018-01-05 12:30',6,'2018-01-05 12:30'),
('2018-01-05 14:10',6,'2018-01-05 14:10'),
('2018-01-05 18:10',6,'2018-01-05 18:10'),

('2018-01-08 08:30',6,'2018-01-08 08:30'),
('2018-01-08 12:30',6,'2018-01-08 12:30'),
('2018-01-08 14:10',6,'2018-01-08 14:10'),
('2018-01-08 18:10',6,'2018-01-08 18:10'),

('2018-01-09 08:30',6,'2018-01-09 08:30'),
('2018-01-09 12:30',6,'2018-01-09 12:30'),
('2018-01-09 14:10',6,'2018-01-09 14:10'),
('2018-01-09 18:10',6,'2018-01-09 18:10'),

('2018-01-10 08:30',6,'2018-01-10 08:30'),
('2018-01-10 12:30',6,'2018-01-10 12:30'),
('2018-01-10 14:10',6,'2018-01-10 14:10'),
('2018-01-10 18:10',6,'2018-01-10 18:10'),

('2018-01-11 08:30',6,'2018-01-11 08:30'),
('2018-01-11 12:30',6,'2018-01-11 12:30'),
('2018-01-11 14:10',6,'2018-01-11 14:10'),
('2018-01-11 18:10',6,'2018-01-11 18:10'),

('2018-01-12 08:30',6,'2018-01-12 08:30'),
('2018-01-12 12:30',6,'2018-01-12 12:30'),
('2018-01-12 14:10',6,'2018-01-12 14:10'),
('2018-01-12 18:10',6,'2018-01-12 18:10'),

('2018-01-15 08:30',6,'2018-01-15 08:30'),
('2018-01-15 12:30',6,'2018-01-15 12:30'),
('2018-01-15 14:10',6,'2018-01-15 14:10'),
('2018-01-15 18:10',6,'2018-01-15 18:10'),

('2018-01-16 08:30',6,'2018-01-16 08:30'),
('2018-01-16 12:30',6,'2018-01-16 12:30'),
('2018-01-16 14:10',6,'2018-01-16 14:10'),
('2018-01-16 18:10',6,'2018-01-16 18:10'),

('2018-01-17 08:30',6,'2018-01-17 08:30'),
('2018-01-17 12:30',6,'2018-01-17 12:30'),
('2018-01-17 14:10',6,'2018-01-17 14:10'),
('2018-01-17 18:10',6,'2018-01-17 18:10'),

('2018-01-18 08:30',6,'2018-01-18 08:30'),
('2018-01-18 12:30',6,'2018-01-18 12:30'),
('2018-01-18 14:10',6,'2018-01-18 14:10'),
('2018-01-18 18:10',6,'2018-01-18 18:10'),

('2018-01-19 08:30',6,'2018-01-19 08:30'),
('2018-01-19 12:30',6,'2018-01-19 12:30'),
('2018-01-19 14:10',6,'2018-01-19 14:10'),
('2018-01-19 18:10',6,'2018-01-19 18:10'),


('2018-01-22 08:30',6,'2018-01-22 08:30'),
('2018-01-22 12:30',6,'2018-01-22 12:30'),
('2018-01-22 14:10',6,'2018-01-22 14:10'),
('2018-01-22 18:10',6,'2018-01-22 18:10'),

('2018-01-23 08:30',6,'2018-01-23 08:30'),
('2018-01-23 12:30',6,'2018-01-23 12:30'),
('2018-01-23 14:10',6,'2018-01-23 14:10'),
('2018-01-23 18:10',6,'2018-01-23 18:10'),

('2018-01-24 08:30',6,'2018-01-24 08:30'),
('2018-01-24 12:30',6,'2018-01-24 12:30'),
('2018-01-24 14:10',6,'2018-01-24 14:10'),
('2018-01-24 18:10',6,'2018-01-24 18:10'),

('2018-01-25 08:30',6,'2018-01-25 08:30'),
('2018-01-25 12:30',6,'2018-01-25 12:30'),
('2018-01-25 14:10',6,'2018-01-25 14:10'),
('2018-01-25 18:10',6,'2018-01-25 18:10'),

('2018-01-26 08:30',6,'2018-01-26 08:30'),
('2018-01-26 12:30',6,'2018-01-26 12:30'),
('2018-01-26 14:10',6,'2018-01-26 14:10'),
('2018-01-26 18:10',6,'2018-01-26 18:10'),

/** registro 7 **/
('2018-01-01 08:11',7,'2018-01-01 08:11'),
('2018-01-01 12:11',7,'2018-01-01 12:11'),
('2018-01-01 14:11',7,'2018-01-01 14:11'),
('2018-01-01 18:11',7,'2018-01-01 18:11'), 

('2018-01-02 08:30',7,'2018-01-02 08:30'),
('2018-01-02 12:30',7,'2018-01-02 12:30'),
('2018-01-02 14:10',7,'2018-01-02 14:10'),
('2018-01-02 18:10',7,'2018-01-02 18:10'),

('2018-01-03 08:30',7,'2018-01-03 08:30'),
('2018-01-03 12:30',7,'2018-01-03 12:30'),
('2018-01-03 14:10',7,'2018-01-03 14:10'),
('2018-01-03 18:10',7,'2018-01-03 18:10'),

('2018-01-04 08:30',7,'2018-01-04 08:30'),
('2018-01-04 12:30',7,'2018-01-04 12:30'),
('2018-01-04 14:10',7,'2018-01-04 14:10'),
('2018-01-04 18:10',7,'2018-01-04 18:10'),

('2018-01-05 08:30',7,'2018-01-05 08:30'),
('2018-01-05 12:30',7,'2018-01-05 12:30'),
('2018-01-05 14:10',7,'2018-01-05 14:10'),
('2018-01-05 18:10',7,'2018-01-05 18:10'),

('2018-01-08 08:30',7,'2018-01-08 08:30'),
('2018-01-08 12:30',7,'2018-01-08 12:30'),
('2018-01-08 14:10',7,'2018-01-08 14:10'),
('2018-01-08 18:10',7,'2018-01-08 18:10'),

('2018-01-09 08:30',7,'2018-01-09 08:30'),
('2018-01-09 12:30',7,'2018-01-09 12:30'),
('2018-01-09 14:10',7,'2018-01-09 14:10'),
('2018-01-09 18:10',7,'2018-01-09 18:10'),

('2018-01-10 08:30',7,'2018-01-10 08:30'),
('2018-01-10 12:30',7,'2018-01-10 12:30'),
('2018-01-10 14:10',7,'2018-01-10 14:10'),
('2018-01-10 18:10',7,'2018-01-10 18:10'),

('2018-01-11 08:30',7,'2018-01-11 08:30'),
('2018-01-11 12:30',7,'2018-01-11 12:30'),
('2018-01-11 14:10',7,'2018-01-11 14:10'),
('2018-01-11 18:10',7,'2018-01-11 18:10'),

('2018-01-12 08:30',7,'2018-01-12 08:30'),
('2018-01-12 12:30',7,'2018-01-12 12:30'),
('2018-01-12 14:10',7,'2018-01-12 14:10'),
('2018-01-12 18:10',7,'2018-01-12 18:10'),

('2018-01-15 08:30',7,'2018-01-15 08:30'),
('2018-01-15 12:30',7,'2018-01-15 12:30'),
('2018-01-15 14:10',7,'2018-01-15 14:10'),
('2018-01-15 18:10',7,'2018-01-15 18:10'),

('2018-01-16 08:30',7,'2018-01-16 08:30'),
('2018-01-16 12:30',7,'2018-01-16 12:30'),
('2018-01-16 14:10',7,'2018-01-16 14:10'),
('2018-01-16 18:10',7,'2018-01-16 18:10'),

('2018-01-17 08:30',7,'2018-01-17 08:30'),
('2018-01-17 12:30',7,'2018-01-17 12:30'),
('2018-01-17 14:10',7,'2018-01-17 14:10'),
('2018-01-17 18:10',7,'2018-01-17 18:10'),

('2018-01-18 08:30',7,'2018-01-18 08:30'),
('2018-01-18 12:30',7,'2018-01-18 12:30'),
('2018-01-18 14:10',7,'2018-01-18 14:10'),
('2018-01-18 18:10',7,'2018-01-18 18:10'),

('2018-01-19 08:30',7,'2018-01-19 08:30'),
('2018-01-19 12:30',7,'2018-01-19 12:30'),
('2018-01-19 14:10',7,'2018-01-19 14:10'),
('2018-01-19 18:10',7,'2018-01-19 18:10'),

('2018-01-22 08:30',7,'2018-01-22 08:30'),
('2018-01-22 12:30',7,'2018-01-22 12:30'),
('2018-01-22 14:10',7,'2018-01-22 14:10'),
('2018-01-22 18:10',7,'2018-01-22 18:10'),

('2018-01-23 08:30',7,'2018-01-23 08:30'),
('2018-01-23 12:30',7,'2018-01-23 12:30'),
('2018-01-23 14:10',7,'2018-01-23 14:10'),
('2018-01-23 18:10',7,'2018-01-23 18:10'),

('2018-01-24 08:30',7,'2018-01-24 08:30'),
('2018-01-24 12:30',7,'2018-01-24 12:30'),
('2018-01-24 14:10',7,'2018-01-24 14:10'),
('2018-01-24 18:10',7,'2018-01-24 18:10'),

('2018-01-25 08:30',7,'2018-01-25 08:30'),
('2018-01-25 12:30',7,'2018-01-25 12:30'),
('2018-01-25 14:10',7,'2018-01-25 14:10'),
('2018-01-25 18:10',7,'2018-01-25 18:10'),

('2018-01-26 08:30',7,'2018-01-26 08:30'),
('2018-01-26 12:30',7,'2018-01-26 12:30'),
('2018-01-26 14:10',7,'2018-01-26 14:10'),
('2018-01-26 18:10',7,'2018-01-26 18:10'),

/** registro 8 **/
('2018-01-01 08:11',8,'2018-01-01 08:11'),
('2018-01-01 12:11',8,'2018-01-01 12:11'),
('2018-01-01 14:11',8,'2018-01-01 14:11'),
('2018-01-01 18:11',8,'2018-01-01 18:11'), 

('2018-01-02 08:30',8,'2018-01-02 08:30'),
('2018-01-02 12:30',8,'2018-01-02 12:30'),
('2018-01-02 14:10',8,'2018-01-02 14:10'),
('2018-01-02 18:10',8,'2018-01-02 18:10'),

('2018-01-03 08:30',8,'2018-01-03 08:30'),
('2018-01-03 12:30',8,'2018-01-03 12:30'),
('2018-01-03 14:10',8,'2018-01-03 14:10'),
('2018-01-03 18:10',8,'2018-01-03 18:10'),

('2018-01-04 08:30',8,'2018-01-04 08:30'),
('2018-01-04 12:30',8,'2018-01-04 12:30'),
('2018-01-04 14:10',8,'2018-01-04 14:10'),
('2018-01-04 18:10',8,'2018-01-04 18:10'),

('2018-01-05 08:30',8,'2018-01-05 08:30'),
('2018-01-05 12:30',8,'2018-01-05 12:30'),
('2018-01-05 14:10',8,'2018-01-05 14:10'),
('2018-01-05 18:10',8,'2018-01-05 18:10'),

('2018-01-08 08:30',8,'2018-01-08 08:30'),
('2018-01-08 12:30',8,'2018-01-08 12:30'),
('2018-01-08 14:10',8,'2018-01-08 14:10'),
('2018-01-08 18:10',8,'2018-01-08 18:10'),

('2018-01-09 08:30',8,'2018-01-09 08:30'),
('2018-01-09 12:30',8,'2018-01-09 12:30'),
('2018-01-09 14:10',8,'2018-01-09 14:10'),
('2018-01-09 18:10',8,'2018-01-09 18:10'),

('2018-01-10 08:30',8,'2018-01-10 08:30'),
('2018-01-10 12:30',8,'2018-01-10 12:30'),
('2018-01-10 14:10',8,'2018-01-10 14:10'),
('2018-01-10 18:10',8,'2018-01-10 18:10'),

('2018-01-11 08:30',8,'2018-01-11 08:30'),
('2018-01-11 12:30',8,'2018-01-11 12:30'),
('2018-01-11 14:10',8,'2018-01-11 14:10'),
('2018-01-11 18:10',8,'2018-01-11 18:10'),

('2018-01-12 08:30',8,'2018-01-12 08:30'),
('2018-01-12 12:30',8,'2018-01-12 12:30'),
('2018-01-12 14:10',8,'2018-01-12 14:10'),
('2018-01-12 18:10',8,'2018-01-12 18:10'),

('2018-01-15 08:30',8,'2018-01-15 08:30'),
('2018-01-15 12:30',8,'2018-01-15 12:30'),
('2018-01-15 14:10',8,'2018-01-15 14:10'),
('2018-01-15 18:10',8,'2018-01-15 18:10'),

('2018-01-16 08:30',8,'2018-01-16 08:30'),
('2018-01-16 12:30',8,'2018-01-16 12:30'),
('2018-01-16 14:10',8,'2018-01-16 14:10'),
('2018-01-16 18:10',8,'2018-01-16 18:10'),

('2018-01-17 08:30',8,'2018-01-17 08:30'),
('2018-01-17 12:30',8,'2018-01-17 12:30'),
('2018-01-17 14:10',8,'2018-01-17 14:10'),
('2018-01-17 18:10',8,'2018-01-17 18:10'),

('2018-01-18 08:30',8,'2018-01-18 08:30'),
('2018-01-18 12:30',8,'2018-01-18 12:30'),
('2018-01-18 14:10',8,'2018-01-18 14:10'),
('2018-01-18 18:10',8,'2018-01-18 18:10'),

('2018-01-19 08:30',8,'2018-01-19 08:30'),
('2018-01-19 12:30',8,'2018-01-19 12:30'),
('2018-01-19 14:10',8,'2018-01-19 14:10'),
('2018-01-19 18:10',8,'2018-01-19 18:10'),

('2018-01-22 08:30',8,'2018-01-22 08:30'),
('2018-01-22 12:30',8,'2018-01-22 12:30'),
('2018-01-22 14:10',8,'2018-01-22 14:10'),
('2018-01-22 18:10',8,'2018-01-22 18:10'),

('2018-01-23 08:30',8,'2018-01-23 08:30'),
('2018-01-23 12:30',8,'2018-01-23 12:30'),
('2018-01-23 14:10',8,'2018-01-23 14:10'),
('2018-01-23 18:10',8,'2018-01-23 18:10'),

('2018-01-24 08:30',8,'2018-01-24 08:30'),
('2018-01-24 12:30',8,'2018-01-24 12:30'),
('2018-01-24 14:10',8,'2018-01-24 14:10'),
('2018-01-24 18:10',8,'2018-01-24 18:10'),

('2018-01-25 08:30',8,'2018-01-25 08:30'),
('2018-01-25 12:30',8,'2018-01-25 12:30'),
('2018-01-25 14:10',8,'2018-01-25 14:10'),
('2018-01-25 18:10',8,'2018-01-25 18:10'),

('2018-01-26 08:30',8,'2018-01-26 08:30'),
('2018-01-26 12:30',8,'2018-01-26 12:30'),
('2018-01-26 14:10',8,'2018-01-26 14:10'),
('2018-01-26 18:10',8,'2018-01-26 18:10'),

/** registro 9 **/
('2018-01-01 08:11',9,'2018-01-01 08:11'),
('2018-01-01 12:11',9,'2018-01-01 12:11'),
('2018-01-01 14:11',9,'2018-01-01 14:11'),
('2018-01-01 18:11',9,'2018-01-01 18:11'), 

('2018-01-02 08:30',9,'2018-01-02 08:30'),
('2018-01-02 12:30',9,'2018-01-02 12:30'),
('2018-01-02 14:10',9,'2018-01-02 14:10'),
('2018-01-02 18:10',9,'2018-01-02 18:10'),

('2018-01-03 08:30',9,'2018-01-03 08:30'),
('2018-01-03 12:30',9,'2018-01-03 12:30'),
('2018-01-03 14:10',9,'2018-01-03 14:10'),
('2018-01-03 18:10',9,'2018-01-03 18:10'),

('2018-01-04 08:30',9,'2018-01-04 08:30'),
('2018-01-04 12:30',9,'2018-01-04 12:30'),
('2018-01-04 14:10',9,'2018-01-04 14:10'),
('2018-01-04 18:10',9,'2018-01-04 18:10'),

('2018-01-05 08:30',9,'2018-01-05 08:30'),
('2018-01-05 12:30',9,'2018-01-05 12:30'),
('2018-01-05 14:10',9,'2018-01-05 14:10'),
('2018-01-05 18:10',9,'2018-01-05 18:10'),

('2018-01-08 08:30',9,'2018-01-08 08:30'),
('2018-01-08 12:30',9,'2018-01-08 12:30'),
('2018-01-08 14:10',9,'2018-01-08 14:10'),
('2018-01-08 18:10',9,'2018-01-08 18:10'),

('2018-01-09 08:30',9,'2018-01-09 08:30'),
('2018-01-09 12:30',9,'2018-01-09 12:30'),
('2018-01-09 14:10',9,'2018-01-09 14:10'),
('2018-01-09 18:10',9,'2018-01-09 18:10'),

('2018-01-10 08:30',9,'2018-01-10 08:30'),
('2018-01-10 12:30',9,'2018-01-10 12:30'),
('2018-01-10 14:10',9,'2018-01-10 14:10'),
('2018-01-10 18:10',9,'2018-01-10 18:10'),

('2018-01-11 08:30',9,'2018-01-11 08:30'),
('2018-01-11 12:30',9,'2018-01-11 12:30'),
('2018-01-11 14:10',9,'2018-01-11 14:10'),
('2018-01-11 18:10',9,'2018-01-11 18:10'),

('2018-01-12 08:30',9,'2018-01-12 08:30'),
('2018-01-12 12:30',9,'2018-01-12 12:30'),
('2018-01-12 14:10',9,'2018-01-12 14:10'),
('2018-01-12 18:10',9,'2018-01-12 18:10'),

('2018-01-15 08:30',9,'2018-01-15 08:30'),
('2018-01-15 12:30',9,'2018-01-15 12:30'),
('2018-01-15 14:10',9,'2018-01-15 14:10'),
('2018-01-15 18:10',9,'2018-01-15 18:10'),

('2018-01-16 08:30',9,'2018-01-16 08:30'),
('2018-01-16 12:30',9,'2018-01-16 12:30'),
('2018-01-16 14:10',9,'2018-01-16 14:10'),
('2018-01-16 18:10',9,'2018-01-16 18:10'),

('2018-01-17 08:30',9,'2018-01-17 08:30'),
('2018-01-17 12:30',9,'2018-01-17 12:30'),
('2018-01-17 14:10',9,'2018-01-17 14:10'),
('2018-01-17 18:10',9,'2018-01-17 18:10'),

('2018-01-18 08:30',9,'2018-01-18 08:30'),
('2018-01-18 12:30',9,'2018-01-18 12:30'),
('2018-01-18 14:10',9,'2018-01-18 14:10'),
('2018-01-18 18:10',9,'2018-01-18 18:10'),

('2018-01-19 08:30',9,'2018-01-19 08:30'),
('2018-01-19 12:30',9,'2018-01-19 12:30'),
('2018-01-19 14:10',9,'2018-01-19 14:10'),
('2018-01-19 18:10',9,'2018-01-19 18:10'),


('2018-01-22 08:30',9,'2018-01-22 08:30'),
('2018-01-22 12:30',9,'2018-01-22 12:30'),
('2018-01-22 14:10',9,'2018-01-22 14:10'),
('2018-01-22 18:10',9,'2018-01-22 18:10'),

('2018-01-23 08:30',9,'2018-01-23 08:30'),
('2018-01-23 12:30',9,'2018-01-23 12:30'),
('2018-01-23 14:10',9,'2018-01-23 14:10'),
('2018-01-23 18:10',9,'2018-01-23 18:10'),

('2018-01-24 08:30',9,'2018-01-24 08:30'),
('2018-01-24 12:30',9,'2018-01-24 12:30'),
('2018-01-24 14:10',9,'2018-01-24 14:10'),
('2018-01-24 18:10',9,'2018-01-24 18:10'),

('2018-01-25 08:30',9,'2018-01-25 08:30'),
('2018-01-25 12:30',9,'2018-01-25 12:30'),
('2018-01-25 14:10',9,'2018-01-25 14:10'),
('2018-01-25 18:10',9,'2018-01-25 18:10'),

('2018-01-26 08:30',9,'2018-01-26 08:30'),
('2018-01-26 12:30',9,'2018-01-26 12:30'),
('2018-01-26 14:10',9,'2018-01-26 14:10'),
('2018-01-26 18:10',9,'2018-01-26 18:10'),

/** registro 10 **/
('2018-01-01 08:11',10,'2018-01-01 08:11'),
('2018-01-01 12:11',10,'2018-01-01 12:11'),
('2018-01-01 14:11',10,'2018-01-01 14:11'),
('2018-01-01 18:11',10,'2018-01-01 18:11'), 

('2018-01-02 08:30',10,'2018-01-02 08:30'),
('2018-01-02 12:30',10,'2018-01-02 12:30'),
('2018-01-02 14:10',10,'2018-01-02 14:10'),
('2018-01-02 18:10',10,'2018-01-02 18:10'),

('2018-01-03 08:30',10,'2018-01-03 08:30'),
('2018-01-03 12:30',10,'2018-01-03 12:30'),
('2018-01-03 14:10',10,'2018-01-03 14:10'),
('2018-01-03 18:10',10,'2018-01-03 18:10'),

('2018-01-04 08:30',10,'2018-01-04 08:30'),
('2018-01-04 12:30',10,'2018-01-04 12:30'),
('2018-01-04 14:10',10,'2018-01-04 14:10'),
('2018-01-04 18:10',10,'2018-01-04 18:10'),

('2018-01-05 08:30',10,'2018-01-05 08:30'),
('2018-01-05 12:30',10,'2018-01-05 12:30'),
('2018-01-05 14:10',10,'2018-01-05 14:10'),
('2018-01-05 18:10',10,'2018-01-05 18:10'),

('2018-01-08 08:30',10,'2018-01-08 08:30'),
('2018-01-08 12:30',10,'2018-01-08 12:30'),
('2018-01-08 14:10',10,'2018-01-08 14:10'),
('2018-01-08 18:10',10,'2018-01-08 18:10'),

('2018-01-09 08:30',10,'2018-01-09 08:30'),
('2018-01-09 12:30',10,'2018-01-09 12:30'),
('2018-01-09 14:10',10,'2018-01-09 14:10'),
('2018-01-09 18:10',10,'2018-01-09 18:10'),

('2018-01-10 08:30',10,'2018-01-10 08:30'),
('2018-01-10 12:30',10,'2018-01-10 12:30'),
('2018-01-10 14:10',10,'2018-01-10 14:10'),
('2018-01-10 18:10',10,'2018-01-10 18:10'),

('2018-01-11 08:30',10,'2018-01-11 08:30'),
('2018-01-11 12:30',10,'2018-01-11 12:30'),
('2018-01-11 14:10',10,'2018-01-11 14:10'),
('2018-01-11 18:10',10,'2018-01-11 18:10'),

('2018-01-12 08:30',10,'2018-01-12 08:30'),
('2018-01-12 12:30',10,'2018-01-12 12:30'),
('2018-01-12 14:10',10,'2018-01-12 14:10'),
('2018-01-12 18:10',10,'2018-01-12 18:10'),

('2018-01-15 08:30',10,'2018-01-15 08:30'),
('2018-01-15 12:30',10,'2018-01-15 12:30'),
('2018-01-15 14:10',10,'2018-01-15 14:10'),
('2018-01-15 18:10',10,'2018-01-15 18:10'),

('2018-01-16 08:30',10,'2018-01-16 08:30'),
('2018-01-16 12:30',10,'2018-01-16 12:30'),
('2018-01-16 14:10',10,'2018-01-16 14:10'),
('2018-01-16 18:10',10,'2018-01-16 18:10'),

('2018-01-17 08:30',10,'2018-01-17 08:30'),
('2018-01-17 12:30',10,'2018-01-17 12:30'),
('2018-01-17 14:10',10,'2018-01-17 14:10'),
('2018-01-17 18:10',10,'2018-01-17 18:10'),

('2018-01-18 08:30',10,'2018-01-18 08:30'),
('2018-01-18 12:30',10,'2018-01-18 12:30'),
('2018-01-18 14:10',10,'2018-01-18 14:10'),
('2018-01-18 18:10',10,'2018-01-18 18:10'),

('2018-01-19 08:30',10,'2018-01-19 08:30'),
('2018-01-19 12:30',10,'2018-01-19 12:30'),
('2018-01-19 14:10',10,'2018-01-19 14:10'),
('2018-01-19 18:10',10,'2018-01-19 18:10'),


('2018-01-22 08:30',10,'2018-01-22 08:30'),
('2018-01-22 12:30',10,'2018-01-22 12:30'),
('2018-01-22 14:10',10,'2018-01-22 14:10'),
('2018-01-22 18:10',10,'2018-01-22 18:10'),

('2018-01-23 08:30',10,'2018-01-23 08:30'),
('2018-01-23 12:30',10,'2018-01-23 12:30'),
('2018-01-23 14:10',10,'2018-01-23 14:10'),
('2018-01-23 18:10',10,'2018-01-23 18:10'),

('2018-01-24 08:30',10,'2018-01-24 08:30'),
('2018-01-24 12:30',10,'2018-01-24 12:30'),
('2018-01-24 14:10',10,'2018-01-24 14:10'),
('2018-01-24 18:10',10,'2018-01-24 18:10'),

('2018-01-25 08:30',10,'2018-01-25 08:30'),
('2018-01-25 12:30',10,'2018-01-25 12:30'),
('2018-01-25 14:10',10,'2018-01-25 14:10'),
('2018-01-25 18:10',10,'2018-01-25 18:10'),

('2018-01-26 08:30',10,'2018-01-26 08:30'),
('2018-01-26 12:30',10,'2018-01-26 12:30'),
('2018-01-26 14:10',10,'2018-01-26 14:10'),
('2018-01-26 18:10',10,'2018-01-26 18:10'),

/** registro 11 **/
('2018-01-01 08:11',11,'2018-01-01 08:11'),
('2018-01-01 12:11',11,'2018-01-01 12:11'),
('2018-01-01 14:11',11,'2018-01-01 14:11'),
('2018-01-01 18:11',11,'2018-01-01 18:11'), 

('2018-01-02 08:30',11,'2018-01-02 08:30'),
('2018-01-02 12:30',11,'2018-01-02 12:30'),
('2018-01-02 14:10',11,'2018-01-02 14:10'),
('2018-01-02 18:10',11,'2018-01-02 18:10'),

('2018-01-03 08:30',11,'2018-01-03 08:30'),
('2018-01-03 12:30',11,'2018-01-03 12:30'),
('2018-01-03 14:10',11,'2018-01-03 14:10'),
('2018-01-03 18:10',11,'2018-01-03 18:10'),

('2018-01-04 08:30',11,'2018-01-04 08:30'),
('2018-01-04 12:30',11,'2018-01-04 12:30'),
('2018-01-04 14:10',11,'2018-01-04 14:10'),
('2018-01-04 18:10',11,'2018-01-04 18:10'),

('2018-01-05 08:30',11,'2018-01-05 08:30'),
('2018-01-05 12:30',11,'2018-01-05 12:30'),
('2018-01-05 14:10',11,'2018-01-05 14:10'),
('2018-01-05 18:10',11,'2018-01-05 18:10'),

('2018-01-08 08:30',11,'2018-01-08 08:30'),
('2018-01-08 12:30',11,'2018-01-08 12:30'),
('2018-01-08 14:10',11,'2018-01-08 14:10'),
('2018-01-08 18:10',11,'2018-01-08 18:10'),

('2018-01-09 08:30',11,'2018-01-09 08:30'),
('2018-01-09 12:30',11,'2018-01-09 12:30'),
('2018-01-09 14:10',11,'2018-01-09 14:10'),
('2018-01-09 18:10',11,'2018-01-09 18:10'),

('2018-01-10 08:30',11,'2018-01-10 08:30'),
('2018-01-10 12:30',11,'2018-01-10 12:30'),
('2018-01-10 14:10',11,'2018-01-10 14:10'),
('2018-01-10 18:10',11,'2018-01-10 18:10'),

('2018-01-11 08:30',11,'2018-01-11 08:30'),
('2018-01-11 12:30',11,'2018-01-11 12:30'),
('2018-01-11 14:10',11,'2018-01-11 14:10'),
('2018-01-11 18:10',11,'2018-01-11 18:10'),

('2018-01-12 08:30',11,'2018-01-12 08:30'),
('2018-01-12 12:30',11,'2018-01-12 12:30'),
('2018-01-12 14:10',11,'2018-01-12 14:10'),
('2018-01-12 18:10',11,'2018-01-12 18:10'),

('2018-01-15 08:30',11,'2018-01-15 08:30'),
('2018-01-15 12:30',11,'2018-01-15 12:30'),
('2018-01-15 14:10',11,'2018-01-15 14:10'),
('2018-01-15 18:10',11,'2018-01-15 18:10'),

('2018-01-16 08:30',11,'2018-01-16 08:30'),
('2018-01-16 12:30',11,'2018-01-16 12:30'),
('2018-01-16 14:10',11,'2018-01-16 14:10'),
('2018-01-16 18:10',11,'2018-01-16 18:10'),

('2018-01-17 08:30',11,'2018-01-17 08:30'),
('2018-01-17 12:30',11,'2018-01-17 12:30'),
('2018-01-17 14:10',11,'2018-01-17 14:10'),
('2018-01-17 18:10',11,'2018-01-17 18:10'),

('2018-01-18 08:30',11,'2018-01-18 08:30'),
('2018-01-18 12:30',11,'2018-01-18 12:30'),
('2018-01-18 14:10',11,'2018-01-18 14:10'),
('2018-01-18 18:10',11,'2018-01-18 18:10'),

('2018-01-19 08:30',11,'2018-01-19 08:30'),
('2018-01-19 12:30',11,'2018-01-19 12:30'),
('2018-01-19 14:10',11,'2018-01-19 14:10'),
('2018-01-19 18:10',11,'2018-01-19 18:10'),


('2018-01-22 08:30',11,'2018-01-22 08:30'),
('2018-01-22 12:30',11,'2018-01-22 12:30'),
('2018-01-22 14:10',11,'2018-01-22 14:10'),
('2018-01-22 18:10',11,'2018-01-22 18:10'),

('2018-01-23 08:30',11,'2018-01-23 08:30'),
('2018-01-23 12:30',11,'2018-01-23 12:30'),
('2018-01-23 14:10',11,'2018-01-23 14:10'),
('2018-01-23 18:10',11,'2018-01-23 18:10'),

('2018-01-24 08:30',11,'2018-01-24 08:30'),
('2018-01-24 12:30',11,'2018-01-24 12:30'),
('2018-01-24 14:10',11,'2018-01-24 14:10'),
('2018-01-24 18:10',11,'2018-01-24 18:10'),

('2018-01-25 08:30',11,'2018-01-25 08:30'),
('2018-01-25 12:30',11,'2018-01-25 12:30'),
('2018-01-25 14:10',11,'2018-01-25 14:10'),
('2018-01-25 18:10',11,'2018-01-25 18:10'),

('2018-01-26 08:30',11,'2018-01-26 08:30'),
('2018-01-26 12:30',11,'2018-01-26 12:30'),
('2018-01-26 14:10',11,'2018-01-26 14:10'),
('2018-01-26 18:10',11,'2018-01-26 18:10'),

/** registro 12 **/
('2018-01-01 08:11',12,'2018-01-01 08:11'),
('2018-01-01 12:11',12,'2018-01-01 12:11'),
('2018-01-01 14:11',12,'2018-01-01 14:11'),
('2018-01-01 18:11',12,'2018-01-01 18:11'), 

('2018-01-02 08:30',12,'2018-01-02 08:30'),
('2018-01-02 12:30',12,'2018-01-02 12:30'),
('2018-01-02 14:10',12,'2018-01-02 14:10'),
('2018-01-02 18:10',12,'2018-01-02 18:10'),

('2018-01-03 08:30',12,'2018-01-03 08:30'),
('2018-01-03 12:30',12,'2018-01-03 12:30'),
('2018-01-03 14:10',12,'2018-01-03 14:10'),
('2018-01-03 18:10',12,'2018-01-03 18:10'),

('2018-01-04 08:30',12,'2018-01-04 08:30'),
('2018-01-04 12:30',12,'2018-01-04 12:30'),
('2018-01-04 14:10',12,'2018-01-04 14:10'),
('2018-01-04 18:10',12,'2018-01-04 18:10'),

('2018-01-05 08:30',12,'2018-01-05 08:30'),
('2018-01-05 12:30',12,'2018-01-05 12:30'),
('2018-01-05 14:10',12,'2018-01-05 14:10'),
('2018-01-05 18:10',12,'2018-01-05 18:10'),

('2018-01-08 08:30',12,'2018-01-08 08:30'),
('2018-01-08 12:30',12,'2018-01-08 12:30'),
('2018-01-08 14:10',12,'2018-01-08 14:10'),
('2018-01-08 18:10',12,'2018-01-08 18:10'),

('2018-01-09 08:30',12,'2018-01-09 08:30'),
('2018-01-09 12:30',12,'2018-01-09 12:30'),
('2018-01-09 14:10',12,'2018-01-09 14:10'),
('2018-01-09 18:10',12,'2018-01-09 18:10'),

('2018-01-10 08:30',12,'2018-01-10 08:30'),
('2018-01-10 12:30',12,'2018-01-10 12:30'),
('2018-01-10 14:10',12,'2018-01-10 14:10'),
('2018-01-10 18:10',12,'2018-01-10 18:10'),

('2018-01-11 08:30',12,'2018-01-11 08:30'),
('2018-01-11 12:30',12,'2018-01-11 12:30'),
('2018-01-11 14:10',12,'2018-01-11 14:10'),
('2018-01-11 18:10',12,'2018-01-11 18:10'),

('2018-01-12 08:30',12,'2018-01-12 08:30'),
('2018-01-12 12:30',12,'2018-01-12 12:30'),
('2018-01-12 14:10',12,'2018-01-12 14:10'),
('2018-01-12 18:10',12,'2018-01-12 18:10'),

('2018-01-15 08:30',12,'2018-01-15 08:30'),
('2018-01-15 12:30',12,'2018-01-15 12:30'),
('2018-01-15 14:10',12,'2018-01-15 14:10'),
('2018-01-15 18:10',12,'2018-01-15 18:10'),

('2018-01-16 08:30',12,'2018-01-16 08:30'),
('2018-01-16 12:30',12,'2018-01-16 12:30'),
('2018-01-16 14:10',12,'2018-01-16 14:10'),
('2018-01-16 18:10',12,'2018-01-16 18:10'),

('2018-01-17 08:30',12,'2018-01-17 08:30'),
('2018-01-17 12:30',12,'2018-01-17 12:30'),
('2018-01-17 14:10',12,'2018-01-17 14:10'),
('2018-01-17 18:10',12,'2018-01-17 18:10'),

('2018-01-18 08:30',12,'2018-01-18 08:30'),
('2018-01-18 12:30',12,'2018-01-18 12:30'),
('2018-01-18 14:10',12,'2018-01-18 14:10'),
('2018-01-18 18:10',12,'2018-01-18 18:10'),

('2018-01-19 08:30',12,'2018-01-19 08:30'),
('2018-01-19 12:30',12,'2018-01-19 12:30'),
('2018-01-19 14:10',12,'2018-01-19 14:10'),
('2018-01-19 18:10',12,'2018-01-19 18:10'),


('2018-01-22 08:30',12,'2018-01-22 08:30'),
('2018-01-22 12:30',12,'2018-01-22 12:30'),
('2018-01-22 14:10',12,'2018-01-22 14:10'),
('2018-01-22 18:10',12,'2018-01-22 18:10'),

('2018-01-23 08:30',12,'2018-01-23 08:30'),
('2018-01-23 12:30',12,'2018-01-23 12:30'),
('2018-01-23 14:10',12,'2018-01-23 14:10'),
('2018-01-23 18:10',12,'2018-01-23 18:10'),

('2018-01-24 08:30',12,'2018-01-24 08:30'),
('2018-01-24 12:30',12,'2018-01-24 12:30'),
('2018-01-24 14:10',12,'2018-01-24 14:10'),
('2018-01-24 18:10',12,'2018-01-24 18:10'),

('2018-01-25 08:30',12,'2018-01-25 08:30'),
('2018-01-25 12:30',12,'2018-01-25 12:30'),
('2018-01-25 14:10',12,'2018-01-25 14:10'),
('2018-01-25 18:10',12,'2018-01-25 18:10'),

('2018-01-26 08:30',12,'2018-01-26 08:30'),
('2018-01-26 12:30',12,'2018-01-26 12:30'),
('2018-01-26 14:10',12,'2018-01-26 14:10'),
('2018-01-26 18:10',12,'2018-01-26 18:10'),

/** registro 13 **/
('2018-01-01 08:11',13,'2018-01-01 08:11'),
('2018-01-01 12:11',13,'2018-01-01 12:11'),
('2018-01-01 14:11',13,'2018-01-01 14:11'),
('2018-01-01 18:11',13,'2018-01-01 18:11'), 

('2018-01-02 08:30',13,'2018-01-02 08:30'),
('2018-01-02 12:30',13,'2018-01-02 12:30'),
('2018-01-02 14:10',13,'2018-01-02 14:10'),
('2018-01-02 18:10',13,'2018-01-02 18:10'),

('2018-01-03 08:30',13,'2018-01-03 08:30'),
('2018-01-03 12:30',13,'2018-01-03 12:30'),
('2018-01-03 14:10',13,'2018-01-03 14:10'),
('2018-01-03 18:10',13,'2018-01-03 18:10'),

('2018-01-04 08:30',13,'2018-01-04 08:30'),
('2018-01-04 12:30',13,'2018-01-04 12:30'),
('2018-01-04 14:10',13,'2018-01-04 14:10'),
('2018-01-04 18:10',13,'2018-01-04 18:10'),

('2018-01-05 08:30',13,'2018-01-05 08:30'),
('2018-01-05 12:30',13,'2018-01-05 12:30'),
('2018-01-05 14:10',13,'2018-01-05 14:10'),
('2018-01-05 18:10',13,'2018-01-05 18:10'),

('2018-01-08 08:30',13,'2018-01-08 08:30'),
('2018-01-08 12:30',13,'2018-01-08 12:30'),
('2018-01-08 14:10',13,'2018-01-08 14:10'),
('2018-01-08 18:10',13,'2018-01-08 18:10'),

('2018-01-09 08:30',13,'2018-01-09 08:30'),
('2018-01-09 12:30',13,'2018-01-09 12:30'),
('2018-01-09 14:10',13,'2018-01-09 14:10'),
('2018-01-09 18:10',13,'2018-01-09 18:10'),

('2018-01-10 08:30',13,'2018-01-10 08:30'),
('2018-01-10 12:30',13,'2018-01-10 12:30'),
('2018-01-10 14:10',13,'2018-01-10 14:10'),
('2018-01-10 18:10',13,'2018-01-10 18:10'),

('2018-01-11 08:30',13,'2018-01-11 08:30'),
('2018-01-11 12:30',13,'2018-01-11 12:30'),
('2018-01-11 14:10',13,'2018-01-11 14:10'),
('2018-01-11 18:10',13,'2018-01-11 18:10'),

('2018-01-12 08:30',13,'2018-01-12 08:30'),
('2018-01-12 12:30',13,'2018-01-12 12:30'),
('2018-01-12 14:10',13,'2018-01-12 14:10'),
('2018-01-12 18:10',13,'2018-01-12 18:10'),

('2018-01-15 08:30',13,'2018-01-15 08:30'),
('2018-01-15 12:30',13,'2018-01-15 12:30'),
('2018-01-15 14:10',13,'2018-01-15 14:10'),
('2018-01-15 18:10',13,'2018-01-15 18:10'),

('2018-01-16 08:30',13,'2018-01-16 08:30'),
('2018-01-16 12:30',13,'2018-01-16 12:30'),
('2018-01-16 14:10',13,'2018-01-16 14:10'),
('2018-01-16 18:10',13,'2018-01-16 18:10'),

('2018-01-17 08:30',13,'2018-01-17 08:30'),
('2018-01-17 12:30',13,'2018-01-17 12:30'),
('2018-01-17 14:10',13,'2018-01-17 14:10'),
('2018-01-17 18:10',13,'2018-01-17 18:10'),

('2018-01-18 08:30',13,'2018-01-18 08:30'),
('2018-01-18 12:30',13,'2018-01-18 12:30'),
('2018-01-18 14:10',13,'2018-01-18 14:10'),
('2018-01-18 18:10',13,'2018-01-18 18:10'),

('2018-01-19 08:30',13,'2018-01-19 08:30'),
('2018-01-19 12:30',13,'2018-01-19 12:30'),
('2018-01-19 14:10',13,'2018-01-19 14:10'),
('2018-01-19 18:10',13,'2018-01-19 18:10'),


('2018-01-22 08:30',13,'2018-01-22 08:30'),
('2018-01-22 12:30',13,'2018-01-22 12:30'),
('2018-01-22 14:10',13,'2018-01-22 14:10'),
('2018-01-22 18:10',13,'2018-01-22 18:10'),

('2018-01-23 08:30',13,'2018-01-23 08:30'),
('2018-01-23 12:30',13,'2018-01-23 12:30'),
('2018-01-23 14:10',13,'2018-01-23 14:10'),
('2018-01-23 18:10',13,'2018-01-23 18:10'),

('2018-01-24 08:30',13,'2018-01-24 08:30'),
('2018-01-24 12:30',13,'2018-01-24 12:30'),
('2018-01-24 14:10',13,'2018-01-24 14:10'),
('2018-01-24 18:10',13,'2018-01-24 18:10'),

('2018-01-25 08:30',13,'2018-01-25 08:30'),
('2018-01-25 12:30',13,'2018-01-25 12:30'),
('2018-01-25 14:10',13,'2018-01-25 14:10'),
('2018-01-25 18:10',13,'2018-01-25 18:10'),

('2018-01-26 08:30',13,'2018-01-26 08:30'),
('2018-01-26 12:30',13,'2018-01-26 12:30'),
('2018-01-26 14:10',13,'2018-01-26 14:10'),
('2018-01-26 18:10',13,'2018-01-26 18:10'),

/** registro 14 **/
('2018-01-01 08:11',14,'2018-01-01 08:11'),
('2018-01-01 12:11',14,'2018-01-01 12:11'),
('2018-01-01 14:11',14,'2018-01-01 14:11'),
('2018-01-01 18:11',14,'2018-01-01 18:11'), 

('2018-01-02 08:30',14,'2018-01-02 08:30'),
('2018-01-02 12:30',14,'2018-01-02 12:30'),
('2018-01-02 14:10',14,'2018-01-02 14:10'),
('2018-01-02 18:10',14,'2018-01-02 18:10'),

('2018-01-03 08:30',14,'2018-01-03 08:30'),
('2018-01-03 12:30',14,'2018-01-03 12:30'),
('2018-01-03 14:10',14,'2018-01-03 14:10'),
('2018-01-03 18:10',14,'2018-01-03 18:10'),

('2018-01-04 08:30',14,'2018-01-04 08:30'),
('2018-01-04 12:30',14,'2018-01-04 12:30'),
('2018-01-04 14:10',14,'2018-01-04 14:10'),
('2018-01-04 18:10',14,'2018-01-04 18:10'),

('2018-01-05 08:30',14,'2018-01-05 08:30'),
('2018-01-05 12:30',14,'2018-01-05 12:30'),
('2018-01-05 14:10',14,'2018-01-05 14:10'),
('2018-01-05 18:10',14,'2018-01-05 18:10'),

('2018-01-08 08:30',14,'2018-01-08 08:30'),
('2018-01-08 12:30',14,'2018-01-08 12:30'),
('2018-01-08 14:10',14,'2018-01-08 14:10'),
('2018-01-08 18:10',14,'2018-01-08 18:10'),

('2018-01-09 08:30',14,'2018-01-09 08:30'),
('2018-01-09 12:30',14,'2018-01-09 12:30'),
('2018-01-09 14:10',14,'2018-01-09 14:10'),
('2018-01-09 18:10',14,'2018-01-09 18:10'),

('2018-01-10 08:30',14,'2018-01-10 08:30'),
('2018-01-10 12:30',14,'2018-01-10 12:30'),
('2018-01-10 14:10',14,'2018-01-10 14:10'),
('2018-01-10 18:10',14,'2018-01-10 18:10'),

('2018-01-11 08:30',14,'2018-01-11 08:30'),
('2018-01-11 12:30',14,'2018-01-11 12:30'),
('2018-01-11 14:10',14,'2018-01-11 14:10'),
('2018-01-11 18:10',14,'2018-01-11 18:10'),

('2018-01-12 08:30',14,'2018-01-12 08:30'),
('2018-01-12 12:30',14,'2018-01-12 12:30'),
('2018-01-12 14:10',14,'2018-01-12 14:10'),
('2018-01-12 18:10',14,'2018-01-12 18:10'),

('2018-01-15 08:30',14,'2018-01-15 08:30'),
('2018-01-15 12:30',14,'2018-01-15 12:30'),
('2018-01-15 14:10',14,'2018-01-15 14:10'),
('2018-01-15 18:10',14,'2018-01-15 18:10'),

('2018-01-16 08:30',14,'2018-01-16 08:30'),
('2018-01-16 12:30',14,'2018-01-16 12:30'),
('2018-01-16 14:10',14,'2018-01-16 14:10'),
('2018-01-16 18:10',14,'2018-01-16 18:10'),

('2018-01-17 08:30',14,'2018-01-17 08:30'),
('2018-01-17 12:30',14,'2018-01-17 12:30'),
('2018-01-17 14:10',14,'2018-01-17 14:10'),
('2018-01-17 18:10',14,'2018-01-17 18:10'),

('2018-01-18 08:30',14,'2018-01-18 08:30'),
('2018-01-18 12:30',14,'2018-01-18 12:30'),
('2018-01-18 14:10',14,'2018-01-18 14:10'),
('2018-01-18 18:10',14,'2018-01-18 18:10'),

('2018-01-19 08:30',14,'2018-01-19 08:30'),
('2018-01-19 12:30',14,'2018-01-19 12:30'),
('2018-01-19 14:10',14,'2018-01-19 14:10'),
('2018-01-19 18:10',14,'2018-01-19 18:10'),


('2018-01-22 08:30',14,'2018-01-22 08:30'),
('2018-01-22 12:30',14,'2018-01-22 12:30'),
('2018-01-22 14:10',14,'2018-01-22 14:10'),
('2018-01-22 18:10',14,'2018-01-22 18:10'),

('2018-01-23 08:30',14,'2018-01-23 08:30'),
('2018-01-23 12:30',14,'2018-01-23 12:30'),
('2018-01-23 14:10',14,'2018-01-23 14:10'),
('2018-01-23 18:10',14,'2018-01-23 18:10'),

('2018-01-24 08:30',14,'2018-01-24 08:30'),
('2018-01-24 12:30',14,'2018-01-24 12:30'),
('2018-01-24 14:10',14,'2018-01-24 14:10'),
('2018-01-24 18:10',14,'2018-01-24 18:10'),

('2018-01-25 08:30',14,'2018-01-25 08:30'),
('2018-01-25 12:30',14,'2018-01-25 12:30'),
('2018-01-25 14:10',14,'2018-01-25 14:10'),
('2018-01-25 18:10',14,'2018-01-25 18:10'),

('2018-01-26 08:30',14,'2018-01-26 08:30'),
('2018-01-26 12:30',14,'2018-01-26 12:30'),
('2018-01-26 14:10',14,'2018-01-26 14:10'),
('2018-01-26 18:10',14,'2018-01-26 18:10'),

/** registro 15 **/
('2018-01-01 08:11',15,'2018-01-01 08:11'),
('2018-01-01 12:11',15,'2018-01-01 12:11'),
('2018-01-01 14:11',15,'2018-01-01 14:11'),
('2018-01-01 18:11',15,'2018-01-01 18:11'), 

('2018-01-02 08:30',15,'2018-01-02 08:30'),
('2018-01-02 12:30',15,'2018-01-02 12:30'),
('2018-01-02 14:10',15,'2018-01-02 14:10'),
('2018-01-02 18:10',15,'2018-01-02 18:10'),

('2018-01-03 08:30',15,'2018-01-03 08:30'),
('2018-01-03 12:30',15,'2018-01-03 12:30'),
('2018-01-03 14:10',15,'2018-01-03 14:10'),
('2018-01-03 18:10',15,'2018-01-03 18:10'),

('2018-01-04 08:30',15,'2018-01-04 08:30'),
('2018-01-04 12:30',15,'2018-01-04 12:30'),
('2018-01-04 14:10',15,'2018-01-04 14:10'),
('2018-01-04 18:10',15,'2018-01-04 18:10'),

('2018-01-05 08:30',15,'2018-01-05 08:30'),
('2018-01-05 12:30',15,'2018-01-05 12:30'),
('2018-01-05 14:10',15,'2018-01-05 14:10'),
('2018-01-05 18:10',15,'2018-01-05 18:10'),

('2018-01-08 08:30',15,'2018-01-08 08:30'),
('2018-01-08 12:30',15,'2018-01-08 12:30'),
('2018-01-08 14:10',15,'2018-01-08 14:10'),
('2018-01-08 18:10',15,'2018-01-08 18:10'),

('2018-01-09 08:30',15,'2018-01-09 08:30'),
('2018-01-09 12:30',15,'2018-01-09 12:30'),
('2018-01-09 14:10',15,'2018-01-09 14:10'),
('2018-01-09 18:10',15,'2018-01-09 18:10'),

('2018-01-10 08:30',15,'2018-01-10 08:30'),
('2018-01-10 12:30',15,'2018-01-10 12:30'),
('2018-01-10 14:10',15,'2018-01-10 14:10'),
('2018-01-10 18:10',15,'2018-01-10 18:10'),

('2018-01-11 08:30',15,'2018-01-11 08:30'),
('2018-01-11 12:30',15,'2018-01-11 12:30'),
('2018-01-11 14:10',15,'2018-01-11 14:10'),
('2018-01-11 18:10',15,'2018-01-11 18:10'),

('2018-01-12 08:30',15,'2018-01-12 08:30'),
('2018-01-12 12:30',15,'2018-01-12 12:30'),
('2018-01-12 14:10',15,'2018-01-12 14:10'),
('2018-01-12 18:10',15,'2018-01-12 18:10'),

('2018-01-15 08:30',15,'2018-01-15 08:30'),
('2018-01-15 12:30',15,'2018-01-15 12:30'),
('2018-01-15 14:10',15,'2018-01-15 14:10'),
('2018-01-15 18:10',15,'2018-01-15 18:10'),

('2018-01-16 08:30',15,'2018-01-16 08:30'),
('2018-01-16 12:30',15,'2018-01-16 12:30'),
('2018-01-16 14:10',15,'2018-01-16 14:10'),
('2018-01-16 18:10',15,'2018-01-16 18:10'),

('2018-01-17 08:30',15,'2018-01-17 08:30'),
('2018-01-17 12:30',15,'2018-01-17 12:30'),
('2018-01-17 14:10',15,'2018-01-17 14:10'),
('2018-01-17 18:10',15,'2018-01-17 18:10'),

('2018-01-18 08:30',15,'2018-01-18 08:30'),
('2018-01-18 12:30',15,'2018-01-18 12:30'),
('2018-01-18 14:10',15,'2018-01-18 14:10'),
('2018-01-18 18:10',15,'2018-01-18 18:10'),

('2018-01-19 08:30',15,'2018-01-19 08:30'),
('2018-01-19 12:30',15,'2018-01-19 12:30'),
('2018-01-19 14:10',15,'2018-01-19 14:10'),
('2018-01-19 18:10',15,'2018-01-19 18:10'),


('2018-01-22 08:30',15,'2018-01-22 08:30'),
('2018-01-22 12:30',15,'2018-01-22 12:30'),
('2018-01-22 14:10',15,'2018-01-22 14:10'),
('2018-01-22 18:10',15,'2018-01-22 18:10'),

('2018-01-23 08:30',15,'2018-01-23 08:30'),
('2018-01-23 12:30',15,'2018-01-23 12:30'),
('2018-01-23 14:10',15,'2018-01-23 14:10'),
('2018-01-23 18:10',15,'2018-01-23 18:10'),

('2018-01-24 08:30',15,'2018-01-24 08:30'),
('2018-01-24 12:30',15,'2018-01-24 12:30'),
('2018-01-24 14:10',15,'2018-01-24 14:10'),
('2018-01-24 18:10',15,'2018-01-24 18:10'),

('2018-01-25 08:30',15,'2018-01-25 08:30'),
('2018-01-25 12:30',15,'2018-01-25 12:30'),
('2018-01-25 14:10',15,'2018-01-25 14:10'),
('2018-01-25 18:10',15,'2018-01-25 18:10'),

('2018-01-26 08:30',15,'2018-01-26 08:30'),
('2018-01-26 12:30',15,'2018-01-26 12:30'),
('2018-01-26 14:10',15,'2018-01-26 14:10'),
('2018-01-26 18:10',15,'2018-01-26 18:10'),

/** registro 16 **/
('2018-01-01 08:11',16,'2018-01-01 08:11'),
('2018-01-01 12:11',16,'2018-01-01 12:11'),
('2018-01-01 14:11',16,'2018-01-01 14:11'),
('2018-01-01 18:11',16,'2018-01-01 18:11'), 

('2018-01-02 08:30',16,'2018-01-02 08:30'),
('2018-01-02 12:30',16,'2018-01-02 12:30'),
('2018-01-02 14:10',16,'2018-01-02 14:10'),
('2018-01-02 18:10',16,'2018-01-02 18:10'),

('2018-01-03 08:30',16,'2018-01-03 08:30'),
('2018-01-03 12:30',16,'2018-01-03 12:30'),
('2018-01-03 14:10',16,'2018-01-03 14:10'),
('2018-01-03 18:10',16,'2018-01-03 18:10'),

('2018-01-04 08:30',16,'2018-01-04 08:30'),
('2018-01-04 12:30',16,'2018-01-04 12:30'),
('2018-01-04 14:10',16,'2018-01-04 14:10'),
('2018-01-04 18:10',16,'2018-01-04 18:10'),

('2018-01-05 08:30',16,'2018-01-05 08:30'),
('2018-01-05 12:30',16,'2018-01-05 12:30'),
('2018-01-05 14:10',16,'2018-01-05 14:10'),
('2018-01-05 18:10',16,'2018-01-05 18:10'),

('2018-01-08 08:30',16,'2018-01-08 08:30'),
('2018-01-08 12:30',16,'2018-01-08 12:30'),
('2018-01-08 14:10',16,'2018-01-08 14:10'),
('2018-01-08 18:10',16,'2018-01-08 18:10'),

('2018-01-09 08:30',16,'2018-01-09 08:30'),
('2018-01-09 12:30',16,'2018-01-09 12:30'),
('2018-01-09 14:10',16,'2018-01-09 14:10'),
('2018-01-09 18:10',16,'2018-01-09 18:10'),

('2018-01-10 08:30',16,'2018-01-10 08:30'),
('2018-01-10 12:30',16,'2018-01-10 12:30'),
('2018-01-10 14:10',16,'2018-01-10 14:10'),
('2018-01-10 18:10',16,'2018-01-10 18:10'),

('2018-01-11 08:30',16,'2018-01-11 08:30'),
('2018-01-11 12:30',16,'2018-01-11 12:30'),
('2018-01-11 14:10',16,'2018-01-11 14:10'),
('2018-01-11 18:10',16,'2018-01-11 18:10'),

('2018-01-12 08:30',16,'2018-01-12 08:30'),
('2018-01-12 12:30',16,'2018-01-12 12:30'),
('2018-01-12 14:10',16,'2018-01-12 14:10'),
('2018-01-12 18:10',16,'2018-01-12 18:10'),

('2018-01-15 08:30',16,'2018-01-15 08:30'),
('2018-01-15 12:30',16,'2018-01-15 12:30'),
('2018-01-15 14:10',16,'2018-01-15 14:10'),
('2018-01-15 18:10',16,'2018-01-15 18:10'),

('2018-01-16 08:30',16,'2018-01-16 08:30'),
('2018-01-16 12:30',16,'2018-01-16 12:30'),
('2018-01-16 14:10',16,'2018-01-16 14:10'),
('2018-01-16 18:10',16,'2018-01-16 18:10'),

('2018-01-17 08:30',16,'2018-01-17 08:30'),
('2018-01-17 12:30',16,'2018-01-17 12:30'),
('2018-01-17 14:10',16,'2018-01-17 14:10'),
('2018-01-17 18:10',16,'2018-01-17 18:10'),

('2018-01-18 08:30',16,'2018-01-18 08:30'),
('2018-01-18 12:30',16,'2018-01-18 12:30'),
('2018-01-18 14:10',16,'2018-01-18 14:10'),
('2018-01-18 18:10',16,'2018-01-18 18:10'),

('2018-01-19 08:30',16,'2018-01-19 08:30'),
('2018-01-19 12:30',16,'2018-01-19 12:30'),
('2018-01-19 14:10',16,'2018-01-19 14:10'),
('2018-01-19 18:10',16,'2018-01-19 18:10'),

('2018-01-22 08:30',16,'2018-01-22 08:30'),
('2018-01-22 12:30',16,'2018-01-22 12:30'),
('2018-01-22 14:10',16,'2018-01-22 14:10'),
('2018-01-22 18:10',16,'2018-01-22 18:10'),

('2018-01-23 08:30',16,'2018-01-23 08:30'),
('2018-01-23 12:30',16,'2018-01-23 12:30'),
('2018-01-23 14:10',16,'2018-01-23 14:10'),
('2018-01-23 18:10',16,'2018-01-23 18:10'),

('2018-01-24 08:30',16,'2018-01-24 08:30'),
('2018-01-24 12:30',16,'2018-01-24 12:30'),
('2018-01-24 14:10',16,'2018-01-24 14:10'),
('2018-01-24 18:10',16,'2018-01-24 18:10'),

('2018-01-25 08:30',16,'2018-01-25 08:30'),
('2018-01-25 12:30',16,'2018-01-25 12:30'),
('2018-01-25 14:10',16,'2018-01-25 14:10'),
('2018-01-25 18:10',16,'2018-01-25 18:10'),

('2018-01-26 08:30',16,'2018-01-26 08:30'),
('2018-01-26 12:30',16,'2018-01-26 12:30'),
('2018-01-26 14:10',16,'2018-01-26 14:10'),
('2018-01-26 18:10',16,'2018-01-26 18:10'),

/** registro 17 **/
('2018-01-01 08:11',17,'2018-01-01 08:11'),
('2018-01-01 12:11',17,'2018-01-01 12:11'),
('2018-01-01 14:11',17,'2018-01-01 14:11'),
('2018-01-01 18:11',17,'2018-01-01 18:11'), 

('2018-01-02 08:30',17,'2018-01-02 08:30'),
('2018-01-02 12:30',17,'2018-01-02 12:30'),
('2018-01-02 14:10',17,'2018-01-02 14:10'),
('2018-01-02 18:10',17,'2018-01-02 18:10'),

('2018-01-03 08:30',17,'2018-01-03 08:30'),
('2018-01-03 12:30',17,'2018-01-03 12:30'),
('2018-01-03 14:10',17,'2018-01-03 14:10'),
('2018-01-03 18:10',17,'2018-01-03 18:10'),

('2018-01-04 08:30',17,'2018-01-04 08:30'),
('2018-01-04 12:30',17,'2018-01-04 12:30'),
('2018-01-04 14:10',17,'2018-01-04 14:10'),
('2018-01-04 18:10',17,'2018-01-04 18:10'),

('2018-01-05 08:30',17,'2018-01-05 08:30'),
('2018-01-05 12:30',17,'2018-01-05 12:30'),
('2018-01-05 14:10',17,'2018-01-05 14:10'),
('2018-01-05 18:10',17,'2018-01-05 18:10'),

('2018-01-08 08:30',17,'2018-01-08 08:30'),
('2018-01-08 12:30',17,'2018-01-08 12:30'),
('2018-01-08 14:10',17,'2018-01-08 14:10'),
('2018-01-08 18:10',17,'2018-01-08 18:10'),

('2018-01-09 08:30',17,'2018-01-09 08:30'),
('2018-01-09 12:30',17,'2018-01-09 12:30'),
('2018-01-09 14:10',17,'2018-01-09 14:10'),
('2018-01-09 18:10',17,'2018-01-09 18:10'),

('2018-01-10 08:30',17,'2018-01-10 08:30'),
('2018-01-10 12:30',17,'2018-01-10 12:30'),
('2018-01-10 14:10',17,'2018-01-10 14:10'),
('2018-01-10 18:10',17,'2018-01-10 18:10'),

('2018-01-11 08:30',17,'2018-01-11 08:30'),
('2018-01-11 12:30',17,'2018-01-11 12:30'),
('2018-01-11 14:10',17,'2018-01-11 14:10'),
('2018-01-11 18:10',17,'2018-01-11 18:10'),

('2018-01-12 08:30',17,'2018-01-12 08:30'),
('2018-01-12 12:30',17,'2018-01-12 12:30'),
('2018-01-12 14:10',17,'2018-01-12 14:10'),
('2018-01-12 18:10',17,'2018-01-12 18:10'),

('2018-01-15 08:30',17,'2018-01-15 08:30'),
('2018-01-15 12:30',17,'2018-01-15 12:30'),
('2018-01-15 14:10',17,'2018-01-15 14:10'),
('2018-01-15 18:10',17,'2018-01-15 18:10'),

('2018-01-16 08:30',17,'2018-01-16 08:30'),
('2018-01-16 12:30',17,'2018-01-16 12:30'),
('2018-01-16 14:10',17,'2018-01-16 14:10'),
('2018-01-16 18:10',17,'2018-01-16 18:10'),

('2018-01-17 08:30',17,'2018-01-17 08:30'),
('2018-01-17 12:30',17,'2018-01-17 12:30'),
('2018-01-17 14:10',17,'2018-01-17 14:10'),
('2018-01-17 18:10',17,'2018-01-17 18:10'),

('2018-01-18 08:30',17,'2018-01-18 08:30'),
('2018-01-18 12:30',17,'2018-01-18 12:30'),
('2018-01-18 14:10',17,'2018-01-18 14:10'),
('2018-01-18 18:10',17,'2018-01-18 18:10'),

('2018-01-19 08:30',17,'2018-01-19 08:30'),
('2018-01-19 12:30',17,'2018-01-19 12:30'),
('2018-01-19 14:10',17,'2018-01-19 14:10'),
('2018-01-19 18:10',17,'2018-01-19 18:10'),

('2018-01-22 08:30',17,'2018-01-22 08:30'),
('2018-01-22 12:30',17,'2018-01-22 12:30'),
('2018-01-22 14:10',17,'2018-01-22 14:10'),
('2018-01-22 18:10',17,'2018-01-22 18:10'),

('2018-01-23 08:30',17,'2018-01-23 08:30'),
('2018-01-23 12:30',17,'2018-01-23 12:30'),
('2018-01-23 14:10',17,'2018-01-23 14:10'),
('2018-01-23 18:10',17,'2018-01-23 18:10'),

('2018-01-24 08:30',17,'2018-01-24 08:30'),
('2018-01-24 12:30',17,'2018-01-24 12:30'),
('2018-01-24 14:10',17,'2018-01-24 14:10'),
('2018-01-24 18:10',17,'2018-01-24 18:10'),

('2018-01-25 08:30',17,'2018-01-25 08:30'),
('2018-01-25 12:30',17,'2018-01-25 12:30'),
('2018-01-25 14:10',17,'2018-01-25 14:10'),
('2018-01-25 18:10',17,'2018-01-25 18:10'),

('2018-01-26 08:30',17,'2018-01-26 08:30'),
('2018-01-26 12:30',17,'2018-01-26 12:30'),
('2018-01-26 14:10',17,'2018-01-26 14:10'),
('2018-01-26 18:10',17,'2018-01-26 18:10'),

/** registro 18 **/
('2018-01-01 08:11',18,'2018-01-01 08:11'),
('2018-01-01 12:11',18,'2018-01-01 12:11'),
('2018-01-01 14:11',18,'2018-01-01 14:11'),
('2018-01-01 18:11',18,'2018-01-01 18:11'), 

('2018-01-02 08:30',18,'2018-01-02 08:30'),
('2018-01-02 12:30',18,'2018-01-02 12:30'),
('2018-01-02 14:10',18,'2018-01-02 14:10'),
('2018-01-02 18:10',18,'2018-01-02 18:10'),

('2018-01-03 08:30',18,'2018-01-03 08:30'),
('2018-01-03 12:30',18,'2018-01-03 12:30'),
('2018-01-03 14:10',18,'2018-01-03 14:10'),
('2018-01-03 18:10',18,'2018-01-03 18:10'),

('2018-01-04 08:30',18,'2018-01-04 08:30'),
('2018-01-04 12:30',18,'2018-01-04 12:30'),
('2018-01-04 14:10',18,'2018-01-04 14:10'),
('2018-01-04 18:10',18,'2018-01-04 18:10'),

('2018-01-05 08:30',18,'2018-01-05 08:30'),
('2018-01-05 12:30',18,'2018-01-05 12:30'),
('2018-01-05 14:10',18,'2018-01-05 14:10'),
('2018-01-05 18:10',18,'2018-01-05 18:10'),

('2018-01-08 08:30',18,'2018-01-08 08:30'),
('2018-01-08 12:30',18,'2018-01-08 12:30'),
('2018-01-08 14:10',18,'2018-01-08 14:10'),
('2018-01-08 18:10',18,'2018-01-08 18:10'),

('2018-01-09 08:30',18,'2018-01-09 08:30'),
('2018-01-09 12:30',18,'2018-01-09 12:30'),
('2018-01-09 14:10',18,'2018-01-09 14:10'),
('2018-01-09 18:10',18,'2018-01-09 18:10'),

('2018-01-10 08:30',18,'2018-01-10 08:30'),
('2018-01-10 12:30',18,'2018-01-10 12:30'),
('2018-01-10 14:10',18,'2018-01-10 14:10'),
('2018-01-10 18:10',18,'2018-01-10 18:10'),

('2018-01-11 08:30',18,'2018-01-11 08:30'),
('2018-01-11 12:30',18,'2018-01-11 12:30'),
('2018-01-11 14:10',18,'2018-01-11 14:10'),
('2018-01-11 18:10',18,'2018-01-11 18:10'),

('2018-01-12 08:30',18,'2018-01-12 08:30'),
('2018-01-12 12:30',18,'2018-01-12 12:30'),
('2018-01-12 14:10',18,'2018-01-12 14:10'),
('2018-01-12 18:10',18,'2018-01-12 18:10'),

('2018-01-15 08:30',18,'2018-01-15 08:30'),
('2018-01-15 12:30',18,'2018-01-15 12:30'),
('2018-01-15 14:10',18,'2018-01-15 14:10'),
('2018-01-15 18:10',18,'2018-01-15 18:10'),

('2018-01-16 08:30',18,'2018-01-16 08:30'),
('2018-01-16 12:30',18,'2018-01-16 12:30'),
('2018-01-16 14:10',18,'2018-01-16 14:10'),
('2018-01-16 18:10',18,'2018-01-16 18:10'),

('2018-01-17 08:30',18,'2018-01-17 08:30'),
('2018-01-17 12:30',18,'2018-01-17 12:30'),
('2018-01-17 14:10',18,'2018-01-17 14:10'),
('2018-01-17 18:10',18,'2018-01-17 18:10'),

('2018-01-18 08:30',18,'2018-01-18 08:30'),
('2018-01-18 12:30',18,'2018-01-18 12:30'),
('2018-01-18 14:10',18,'2018-01-18 14:10'),
('2018-01-18 18:10',18,'2018-01-18 18:10'),

('2018-01-19 08:30',18,'2018-01-19 08:30'),
('2018-01-19 12:30',18,'2018-01-19 12:30'),
('2018-01-19 14:10',18,'2018-01-19 14:10'),
('2018-01-19 18:10',18,'2018-01-19 18:10'),

('2018-01-22 08:30',18,'2018-01-22 08:30'),
('2018-01-22 12:30',18,'2018-01-22 12:30'),
('2018-01-22 14:10',18,'2018-01-22 14:10'),
('2018-01-22 18:10',18,'2018-01-22 18:10'),

('2018-01-23 08:30',18,'2018-01-23 08:30'),
('2018-01-23 12:30',18,'2018-01-23 12:30'),
('2018-01-23 14:10',18,'2018-01-23 14:10'),
('2018-01-23 18:10',18,'2018-01-23 18:10'),

('2018-01-24 08:30',18,'2018-01-24 08:30'),
('2018-01-24 12:30',18,'2018-01-24 12:30'),
('2018-01-24 14:10',18,'2018-01-24 14:10'),
('2018-01-24 18:10',18,'2018-01-24 18:10'),

('2018-01-25 08:30',18,'2018-01-25 08:30'),
('2018-01-25 12:30',18,'2018-01-25 12:30'),
('2018-01-25 14:10',18,'2018-01-25 14:10'),
('2018-01-25 18:10',18,'2018-01-25 18:10'),

('2018-01-26 08:30',18,'2018-01-26 08:30'),
('2018-01-26 12:30',18,'2018-01-26 12:30'),
('2018-01-26 14:10',18,'2018-01-26 14:10'),
('2018-01-26 18:10',18,'2018-01-26 18:10'),

/** registro 19 **/
('2018-01-01 08:11',19,'2018-01-01 08:11'),
('2018-01-01 12:11',19,'2018-01-01 12:11'),
('2018-01-01 14:11',19,'2018-01-01 14:11'),
('2018-01-01 18:11',19,'2018-01-01 18:11'), 

('2018-01-02 08:30',19,'2018-01-02 08:30'),
('2018-01-02 12:30',19,'2018-01-02 12:30'),
('2018-01-02 14:10',19,'2018-01-02 14:10'),
('2018-01-02 18:10',19,'2018-01-02 18:10'),

('2018-01-03 08:30',19,'2018-01-03 08:30'),
('2018-01-03 12:30',19,'2018-01-03 12:30'),
('2018-01-03 14:10',19,'2018-01-03 14:10'),
('2018-01-03 18:10',19,'2018-01-03 18:10'),

('2018-01-04 08:30',19,'2018-01-04 08:30'),
('2018-01-04 12:30',19,'2018-01-04 12:30'),
('2018-01-04 14:10',19,'2018-01-04 14:10'),
('2018-01-04 18:10',19,'2018-01-04 18:10'),

('2018-01-05 08:30',19,'2018-01-05 08:30'),
('2018-01-05 12:30',19,'2018-01-05 12:30'),
('2018-01-05 14:10',19,'2018-01-05 14:10'),
('2018-01-05 18:10',19,'2018-01-05 18:10'),

('2018-01-08 08:30',19,'2018-01-08 08:30'),
('2018-01-08 12:30',19,'2018-01-08 12:30'),
('2018-01-08 14:10',19,'2018-01-08 14:10'),
('2018-01-08 18:10',19,'2018-01-08 18:10'),

('2018-01-09 08:30',19,'2018-01-09 08:30'),
('2018-01-09 12:30',19,'2018-01-09 12:30'),
('2018-01-09 14:10',19,'2018-01-09 14:10'),
('2018-01-09 18:10',19,'2018-01-09 18:10'),

('2018-01-10 08:30',19,'2018-01-10 08:30'),
('2018-01-10 12:30',19,'2018-01-10 12:30'),
('2018-01-10 14:10',19,'2018-01-10 14:10'),
('2018-01-10 18:10',19,'2018-01-10 18:10'),

('2018-01-11 08:30',19,'2018-01-11 08:30'),
('2018-01-11 12:30',19,'2018-01-11 12:30'),
('2018-01-11 14:10',19,'2018-01-11 14:10'),
('2018-01-11 18:10',19,'2018-01-11 18:10'),

('2018-01-12 08:30',19,'2018-01-12 08:30'),
('2018-01-12 12:30',19,'2018-01-12 12:30'),
('2018-01-12 14:10',19,'2018-01-12 14:10'),
('2018-01-12 18:10',19,'2018-01-12 18:10'),

('2018-01-15 08:30',19,'2018-01-15 08:30'),
('2018-01-15 12:30',19,'2018-01-15 12:30'),
('2018-01-15 14:10',19,'2018-01-15 14:10'),
('2018-01-15 18:10',19,'2018-01-15 18:10'),

('2018-01-16 08:30',19,'2018-01-16 08:30'),
('2018-01-16 12:30',19,'2018-01-16 12:30'),
('2018-01-16 14:10',19,'2018-01-16 14:10'),
('2018-01-16 18:10',19,'2018-01-16 18:10'),

('2018-01-17 08:30',19,'2018-01-17 08:30'),
('2018-01-17 12:30',19,'2018-01-17 12:30'),
('2018-01-17 14:10',19,'2018-01-17 14:10'),
('2018-01-17 18:10',19,'2018-01-17 18:10'),

('2018-01-18 08:30',19,'2018-01-18 08:30'),
('2018-01-18 12:30',19,'2018-01-18 12:30'),
('2018-01-18 14:10',19,'2018-01-18 14:10'),
('2018-01-18 18:10',19,'2018-01-18 18:10'),

('2018-01-19 08:30',19,'2018-01-19 08:30'),
('2018-01-19 12:30',19,'2018-01-19 12:30'),
('2018-01-19 14:10',19,'2018-01-19 14:10'),
('2018-01-19 18:10',19,'2018-01-19 18:10'),

('2018-01-22 08:30',19,'2018-01-22 08:30'),
('2018-01-22 12:30',19,'2018-01-22 12:30'),
('2018-01-22 14:10',19,'2018-01-22 14:10'),
('2018-01-22 18:10',19,'2018-01-22 18:10'),

('2018-01-23 08:30',19,'2018-01-23 08:30'),
('2018-01-23 12:30',19,'2018-01-23 12:30'),
('2018-01-23 14:10',19,'2018-01-23 14:10'),
('2018-01-23 18:10',19,'2018-01-23 18:10'),

('2018-01-24 08:30',19,'2018-01-24 08:30'),
('2018-01-24 12:30',19,'2018-01-24 12:30'),
('2018-01-24 14:10',19,'2018-01-24 14:10'),
('2018-01-24 18:10',19,'2018-01-24 18:10'),

('2018-01-25 08:30',19,'2018-01-25 08:30'),
('2018-01-25 12:30',19,'2018-01-25 12:30'),
('2018-01-25 14:10',19,'2018-01-25 14:10'),
('2018-01-25 18:10',19,'2018-01-25 18:10'),

('2018-01-26 08:30',19,'2018-01-26 08:30'),
('2018-01-26 12:30',19,'2018-01-26 12:30'),
('2018-01-26 14:10',19,'2018-01-26 14:10'),
('2018-01-26 18:10',19,'2018-01-26 18:10'),

/** registro 20 **/
('2018-01-01 08:11',20,'2018-01-01 08:11'),
('2018-01-01 12:11',20,'2018-01-01 12:11'),
('2018-01-01 14:11',20,'2018-01-01 14:11'),
('2018-01-01 18:11',20,'2018-01-01 18:11'), 

('2018-01-02 08:30',20,'2018-01-02 08:30'),
('2018-01-02 12:30',20,'2018-01-02 12:30'),
('2018-01-02 14:10',20,'2018-01-02 14:10'),
('2018-01-02 18:10',20,'2018-01-02 18:10'),

('2018-01-03 08:30',20,'2018-01-03 08:30'),
('2018-01-03 12:30',20,'2018-01-03 12:30'),
('2018-01-03 14:10',20,'2018-01-03 14:10'),
('2018-01-03 18:10',20,'2018-01-03 18:10'),

('2018-01-04 08:30',20,'2018-01-04 08:30'),
('2018-01-04 12:30',20,'2018-01-04 12:30'),
('2018-01-04 14:10',20,'2018-01-04 14:10'),
('2018-01-04 18:10',20,'2018-01-04 18:10'),

('2018-01-05 08:30',20,'2018-01-05 08:30'),
('2018-01-05 12:30',20,'2018-01-05 12:30'),
('2018-01-05 14:10',20,'2018-01-05 14:10'),
('2018-01-05 18:10',20,'2018-01-05 18:10'),

('2018-01-08 08:30',20,'2018-01-08 08:30'),
('2018-01-08 12:30',20,'2018-01-08 12:30'),
('2018-01-08 14:10',20,'2018-01-08 14:10'),
('2018-01-08 18:10',20,'2018-01-08 18:10'),

('2018-01-09 08:30',20,'2018-01-09 08:30'),
('2018-01-09 12:30',20,'2018-01-09 12:30'),
('2018-01-09 14:10',20,'2018-01-09 14:10'),
('2018-01-09 18:10',20,'2018-01-09 18:10'),

('2018-01-10 08:30',20,'2018-01-10 08:30'),
('2018-01-10 12:30',20,'2018-01-10 12:30'),
('2018-01-10 14:10',20,'2018-01-10 14:10'),
('2018-01-10 18:10',20,'2018-01-10 18:10'),

('2018-01-11 08:30',20,'2018-01-11 08:30'),
('2018-01-11 12:30',20,'2018-01-11 12:30'),
('2018-01-11 14:10',20,'2018-01-11 14:10'),
('2018-01-11 18:10',20,'2018-01-11 18:10'),

('2018-01-12 08:30',20,'2018-01-12 08:30'),
('2018-01-12 12:30',20,'2018-01-12 12:30'),
('2018-01-12 14:10',20,'2018-01-12 14:10'),
('2018-01-12 18:10',20,'2018-01-12 18:10'),

('2018-01-15 08:30',20,'2018-01-15 08:30'),
('2018-01-15 12:30',20,'2018-01-15 12:30'),
('2018-01-15 14:10',20,'2018-01-15 14:10'),
('2018-01-15 18:10',20,'2018-01-15 18:10'),

('2018-01-16 08:30',20,'2018-01-16 08:30'),
('2018-01-16 12:30',20,'2018-01-16 12:30'),
('2018-01-16 14:10',20,'2018-01-16 14:10'),
('2018-01-16 18:10',20,'2018-01-16 18:10'),

('2018-01-17 08:30',20,'2018-01-17 08:30'),
('2018-01-17 12:30',20,'2018-01-17 12:30'),
('2018-01-17 14:10',20,'2018-01-17 14:10'),
('2018-01-17 18:10',20,'2018-01-17 18:10'),

('2018-01-18 08:30',20,'2018-01-18 08:30'),
('2018-01-18 12:30',20,'2018-01-18 12:30'),
('2018-01-18 14:10',20,'2018-01-18 14:10'),
('2018-01-18 18:10',20,'2018-01-18 18:10'),

('2018-01-19 08:30',20,'2018-01-19 08:30'),
('2018-01-19 12:30',20,'2018-01-19 12:30'),
('2018-01-19 14:10',20,'2018-01-19 14:10'),
('2018-01-19 18:10',20,'2018-01-19 18:10'),


('2018-01-22 08:30',20,'2018-01-22 08:30'),
('2018-01-22 12:30',20,'2018-01-22 12:30'),
('2018-01-22 14:10',20,'2018-01-22 14:10'),
('2018-01-22 18:10',20,'2018-01-22 18:10'),

('2018-01-23 08:30',20,'2018-01-23 08:30'),
('2018-01-23 12:30',20,'2018-01-23 12:30'),
('2018-01-23 14:10',20,'2018-01-23 14:10'),
('2018-01-23 18:10',20,'2018-01-23 18:10'),

('2018-01-24 08:30',20,'2018-01-24 08:30'),
('2018-01-24 12:30',20,'2018-01-24 12:30'),
('2018-01-24 14:10',20,'2018-01-24 14:10'),
('2018-01-24 18:10',20,'2018-01-24 18:10'),

('2018-01-25 08:30',20,'2018-01-25 08:30'),
('2018-01-25 12:30',20,'2018-01-25 12:30'),
('2018-01-25 14:10',20,'2018-01-25 14:10'),
('2018-01-25 18:10',20,'2018-01-25 18:10'),

('2018-01-26 08:30',20,'2018-01-26 08:30'),
('2018-01-26 12:30',20,'2018-01-26 12:30'),
('2018-01-26 14:10',20,'2018-01-26 14:10'),
('2018-01-26 18:10',20,'2018-01-26 18:10');